date,market,stock_id,stock_name,open,high,low,close,change,volume,turnover,pe,pb,dividend_yield,industry
2026-05-03,TWSE,00400A,主動國泰動能高息,12.8,13.0,12.79,12.92,0.21,70041137.0,904555892.0,,,,
2026-05-03,TWSE,00401A,主動摩根台灣鑫收,11.96,12.15,11.93,12.03,0.15,16340499.0,197166613.0,,,,
2026-05-03,TWSE,0050,元大台灣50,91.25,91.9,90.3,90.5,-0.25,89209769.0,8111730781.0,,,,
2026-05-03,TWSE,0051,元大中型100,126.2,127.4,125.6,126.75,1.2,136325.0,17274494.0,,,,
2026-05-03,TWSE,0052,富邦科技,53.55,53.6,52.65,52.65,-0.4,47706881.0,2530600091.0,,,,
2026-05-03,TWSE,0053,元大電子,211.05,211.1,209.0,209.25,1.8,28564.0,5990724.0,,,,
2026-05-03,TWSE,0055,元大MSCI金融,33.5,33.55,33.19,33.25,-0.25,185570.0,6203099.0,,,,
2026-05-03,TWSE,0056,元大高股息,41.04,41.3,40.81,40.9,-0.03,46787938.0,1923116945.0,,,,
2026-05-03,TWSE,0057,富邦摩台,271.8,271.8,270.5,270.5,0.85,4919.0,1332154.0,,,,
2026-05-03,TWSE,0061,元大寶滬深,24.39,24.51,24.38,24.4,0.13,167788.0,4099959.0,,,,
2026-05-03,TWSE,006203,元大MSCI台灣,167.05,167.05,164.95,164.95,-1.05,24261.0,4033895.0,,,,
2026-05-03,TWSE,006204,永豐臺灣加權,195.7,196.5,195.7,196.5,0.15,22751.0,4453761.0,,,,
2026-05-03,TWSE,006205,富邦上証,40.41,40.86,40.41,40.79,0.38,659325.0,26807069.0,,,,
2026-05-03,TWSE,006206,元大上證50,36.94,37.35,36.94,37.22,0.3,135807.0,5054869.0,,,,
2026-05-03,TWSE,006207,復華滬深,32.63,32.9,32.63,32.85,0.26,661689.0,21724624.0,,,,
2026-05-03,TWSE,006208,富邦台50,212.4,212.8,209.45,209.75,-0.7,4074229.0,859954663.0,,,,
2026-05-03,TWSE,00625K,富邦上証+R,,,,,0.0,,,,,,
2026-05-03,TWSE,00631L,元大台灣50正2,29.3,29.32,28.5,28.61,-0.21,172580528.0,4991490951.0,,,,
2026-05-03,TWSE,00632R,元大台灣50反1,11.85,12.01,11.82,11.98,0.05,104448274.0,1244878454.0,,,,
2026-05-03,TWSE,00633L,富邦上証正2,51.2,52.0,51.2,51.55,0.15,2465230.0,127539894.0,,,,
2026-05-03,TWSE,00634R,富邦上証反1,3.1,3.11,3.09,3.11,0.0,419690.0,1298085.0,,,,
2026-05-03,TWSE,00635U,期元大S&P黃金,48.03,48.1,47.74,47.82,-0.44,5341635.0,256042273.0,,,,
2026-05-03,TWSE,00636,國泰中國A50,28.14,28.39,28.14,28.32,0.17,1270141.0,35965514.0,,,,
2026-05-03,TWSE,00636K,國泰中國A50+U,8.98,8.98,8.98,8.98,-0.01,200.0,1796.0,,,,
2026-05-03,TWSE,00637L,元大滬深300正2,21.22,21.48,21.14,21.28,0.07,15953462.0,340096003.0,,,,
2026-05-03,TWSE,00638R,元大滬深300反1,6.65,6.67,6.65,6.66,0.02,657040.0,4369935.0,,,,
2026-05-03,TWSE,00639,富邦深100,17.14,17.29,17.12,17.22,0.1,1819133.0,31319010.0,,,,
2026-05-03,TWSE,00640L,富邦日本正2,90.95,90.95,89.85,90.85,-0.9,286519.0,25891242.0,,,,
2026-05-03,TWSE,00641R,富邦日本反1,4.08,4.11,4.08,4.09,0.02,1442235.0,5904028.0,,,,
2026-05-03,TWSE,00642U,期元大S&P石油,32.36,33.53,32.36,33.15,3.01,22455412.0,736149703.0,,,,
2026-05-03,TWSE,00643,群益深証中小,19.55,19.71,19.54,19.71,0.18,2836116.0,55794725.0,,,,
2026-05-03,TWSE,00643K,群益深証中小+R,,,,,0.0,,,,,,
2026-05-03,TWSE,00645,富邦日本,52.4,52.4,52.0,52.25,-0.25,385821.0,20127726.0,,,,
2026-05-03,TWSE,00646,元大S&P500,71.05,71.2,70.85,70.95,0.05,2997225.0,212828709.0,,,,
2026-05-03,TWSE,00647L,元大S&P500正2,123.7,123.95,122.35,122.65,-0.55,36422.0,4489921.0,,,,
2026-05-03,TWSE,00648R,元大S&P500反1,4.17,4.21,4.16,4.21,0.03,594174.0,2486157.0,,,,
2026-05-03,TWSE,00650L,復華香港正2,17.59,17.67,17.27,17.33,-0.35,2683312.0,46714347.0,,,,
2026-05-03,TWSE,00651R,復華香港反1,5.2,5.25,5.19,5.25,0.08,425877.0,2219567.0,,,,
2026-05-03,TWSE,00652,富邦印度,33.36,33.36,32.71,32.72,-0.71,503129.0,16570508.0,,,,
2026-05-03,TWSE,00653L,富邦印度正2,47.02,47.22,45.82,45.84,-1.99,524704.0,24401293.0,,,,
2026-05-03,TWSE,00654R,富邦印度反1,6.75,6.87,6.75,6.87,0.17,46292.0,315931.0,,,,
2026-05-03,TWSE,00655L,國泰中國A50正2,35.83,36.27,35.72,35.93,0.01,1012979.0,36476182.0,,,,
2026-05-03,TWSE,00656R,國泰中國A50反1,5.85,5.87,5.84,5.87,0.0,55000.0,321790.0,,,,
2026-05-03,TWSE,00657,國泰日經225,69.45,69.65,69.25,69.5,-0.1,59927.0,4161252.0,,,,
2026-05-03,TWSE,00657K,國泰日經225+U,22.01,22.01,22.01,22.01,-0.32,200.0,4402.0,,,,
2026-05-03,TWSE,00660,元大歐洲50,42.48,42.48,42.0,42.1,-0.41,20907.0,881470.0,,,,
2026-05-03,TWSE,00661,元大日經225,76.25,76.5,76.05,76.3,-0.15,127303.0,9707381.0,,,,
2026-05-03,TWSE,00662,富邦NASDAQ,111.25,111.5,110.35,110.45,0.5,7610423.0,845318606.0,,,,
2026-05-03,TWSE,00663L,國泰臺灣加權正2,84.3,84.3,81.85,82.0,-0.55,6725800.0,558521533.0,,,,
2026-05-03,TWSE,00664R,國泰臺灣加權反1,1.92,1.94,1.9,1.94,0.01,24459248.0,47180971.0,,,,
2026-05-03,TWSE,00665L,富邦恒生國企正2,10.04,10.08,9.86,9.87,-0.2,9883649.0,98054634.0,,,,
2026-05-03,TWSE,00666R,富邦恒生國企反1,8.95,9.05,8.93,9.05,0.15,47128.0,422210.0,,,,
2026-05-03,TWSE,00668,國泰美國道瓊,56.25,56.3,56.15,56.15,-0.5,249190.0,14005122.0,,,,
2026-05-03,TWSE,00668K,國泰美國道瓊+U,17.84,17.84,17.84,17.84,-0.1,200.0,3568.0,,,,
2026-05-03,TWSE,00669R,國泰美國道瓊反1,5.64,5.67,5.64,5.66,0.08,1500829.0,8487510.0,,,,
2026-05-03,TWSE,00670L,富邦NASDAQ正2,181.85,182.15,177.6,177.65,-0.5,1484600.0,267996172.0,,,,
2026-05-03,TWSE,00671R,富邦NASDAQ反1,2.63,2.67,2.63,2.67,0.0,5809899.0,15429503.0,,,,
2026-05-03,TWSE,00673R,期元大S&P原油反1,11.5,11.51,11.12,11.25,-1.17,113575221.0,1292414638.0,,,,
2026-05-03,TWSE,00674R,期元大S&P黃金反1,27.02,27.23,26.97,27.18,0.33,230092.0,6224251.0,,,,
2026-05-03,TWSE,00675L,富邦臺灣加權正2,255.0,255.05,247.75,248.2,-2.35,1603001.0,402358112.0,,,,
2026-05-03,TWSE,00676R,富邦臺灣加權反1,6.53,6.62,6.52,6.61,0.02,3226242.0,21180252.0,,,,
2026-05-03,TWSE,00678,群益那斯達克生技,34.86,34.86,34.65,34.67,-0.62,431784.0,14972868.0,,,,
2026-05-03,TWSE,00680L,元大美債20正2,6.9,6.91,6.89,6.9,-0.13,16369820.0,112944473.0,,,,
2026-05-03,TWSE,00681R,元大美債20反1,21.21,21.21,21.13,21.16,0.23,339850.0,7190115.0,,,,
2026-05-03,TWSE,00682U,期元大美元指數,20.15,20.15,20.15,20.15,0.0,2141.0,43142.0,,,,
2026-05-03,TWSE,00683L,期元大美元指正2,21.04,21.18,21.04,21.18,0.2,50417.0,1063784.0,,,,
2026-05-03,TWSE,00684R,期元大美元指反1,15.28,15.35,15.28,15.3,0.0,9750.0,149196.0,,,,
2026-05-03,TWSE,00685L,群益臺灣加權正2,230.5,230.5,223.8,224.15,-1.45,1280047.0,290645764.0,,,,
2026-05-03,TWSE,00686R,群益臺灣加權反1,1.18,1.19,1.16,1.19,0.0,8609912.0,10131225.0,,,,
2026-05-03,TWSE,00688L,國泰20年美債正2,6.89,6.9,6.86,6.87,-0.14,9824866.0,67568655.0,,,,
2026-05-03,TWSE,00689R,國泰20年美債反1,22.04,22.12,22.04,22.12,0.26,282000.0,6231480.0,,,,
2026-05-03,TWSE,00690,兆豐藍籌30,68.05,68.5,67.1,67.1,0.25,343135.0,23227039.0,,,,
2026-05-03,TWSE,00692,富邦公司治理,80.15,80.25,79.05,79.1,-0.35,1371376.0,109381097.0,,,,
2026-05-03,TWSE,00693U,期街口S&P黃豆,22.32,22.43,22.25,22.41,0.32,2255151.0,50430580.0,,,,
2026-05-03,TWSE,00700,富邦恒生國企,17.51,17.63,17.44,17.45,-0.13,676127.0,11884280.0,,,,
2026-05-03,TWSE,00701,國泰股利精選30,30.27,30.37,30.05,30.09,-0.09,1441551.0,43581979.0,,,,
2026-05-03,TWSE,00702,國泰標普低波高息,23.7,23.7,23.67,23.68,0.0,110017.0,2606140.0,,,,
2026-05-03,TWSE,00703,台新MSCI中國,20.29,20.33,20.18,20.2,-0.09,36991.0,750402.0,,,,
2026-05-03,TWSE,00706L,期元大S&P日圓正2,19.13,19.13,19.04,19.05,-0.2,2779471.0,53073835.0,,,,
2026-05-03,TWSE,00707R,期元大S&P日圓反1,32.11,32.18,32.1,32.18,0.13,63000.0,2023420.0,,,,
2026-05-03,TWSE,00708L,期元大S&P黃金正2,92.85,93.25,91.45,92.1,-1.75,3153781.0,291453386.0,,,,
2026-05-03,TWSE,00709,富邦歐洲,37.65,37.65,37.39,37.45,-0.35,147649.0,5538116.0,,,,
2026-05-03,TWSE,00710B,復華彭博非投等債,18.92,18.99,18.9,18.98,0.06,226246.0,4288428.0,,,,
2026-05-03,TWSE,00711B,復華彭博新興債,16.04,16.1,16.04,16.09,-0.01,105669.0,1701010.0,,,,
2026-05-03,TWSE,00712,復華富時不動產,9.11,9.11,9.06,9.06,-0.14,20737548.0,188244657.0,,,,
2026-05-03,TWSE,00713,元大台灣高息低波,53.05,53.2,52.7,52.85,-0.15,13973780.0,740357736.0,,,,
2026-05-03,TWSE,00714,群益道瓊美國地產,21.34,21.34,21.16,21.2,-0.25,215284.0,4571448.0,,,,
2026-05-03,TWSE,00715L,期街口布蘭特正2,70.9,75.45,70.6,74.15,11.0,30596741.0,2210588809.0,,,,
2026-05-03,TWSE,00717,富邦美國特別股,15.02,15.03,14.99,15.03,0.0,214148.0,3214477.0,,,,
2026-05-03,TWSE,00728,第一金工業30,54.2,54.75,53.9,54.0,0.35,729314.0,39611885.0,,,,
2026-05-03,TWSE,00730,富邦臺灣優質高息,25.22,25.48,25.21,25.33,0.12,146948.0,3724369.0,,,,
2026-05-03,TWSE,00731,復華富時高息低波,73.2,73.35,72.55,72.55,-0.65,567446.0,41405939.0,,,,
2026-05-03,TWSE,00733,富邦臺灣中小,63.8,64.75,63.3,64.4,2.3,3138036.0,201727962.0,,,,
2026-05-03,TWSE,00735,國泰臺韓科技,85.45,86.0,84.6,84.9,-0.05,1185862.0,101130204.0,,,,
2026-05-03,TWSE,00736,國泰新興市場,29.67,29.67,29.6,29.67,-0.03,103016.0,3049615.0,,,,
2026-05-03,TWSE,00737,國泰AI機器人,35.15,35.15,34.85,34.85,-0.27,125496.0,4389481.0,,,,
2026-05-03,TWSE,00738U,期元大道瓊白銀,58.6,59.15,58.15,58.3,-1.4,4720680.0,276405518.0,,,,
2026-05-03,TWSE,00739,元大MSCI A股,28.09,28.45,28.09,28.42,0.34,301147.0,8528063.0,,,,
2026-05-03,TWSE,00752,中信中國50,24.22,24.22,23.72,23.73,-0.29,1282643.0,30545042.0,,,,
2026-05-03,TWSE,00753L,中信中國50正2,10.48,10.54,10.27,10.33,-0.21,12511067.0,129616382.0,,,,
2026-05-03,TWSE,00757,統一FANG+,121.9,122.1,120.65,120.8,-0.2,2176396.0,264395612.0,,,,
2026-05-03,TWSE,00762,元大全球AI,100.15,101.1,99.7,99.9,0.35,346902.0,34855958.0,,,,
2026-05-03,TWSE,00763U,期街口道瓊銅,32.02,32.08,31.8,31.84,-0.37,804374.0,25675780.0,,,,
2026-05-03,TWSE,00770,國泰北美科技,59.25,59.55,58.9,58.95,0.4,1066354.0,63262384.0,,,,
2026-05-03,TWSE,00771,元大US高息特別股,16.02,16.02,16.0,16.0,-0.03,7892.0,126304.0,,,,
2026-05-03,TWSE,00775B,新光投等債15+,32.25,32.25,32.25,32.25,-0.2,80742.0,2604115.0,,,,
2026-05-03,TWSE,00783,富邦中証500,29.06,29.19,28.98,29.15,0.01,150641.0,4381362.0,,,,
2026-05-03,TWSE,00830,國泰費城半導體,73.3,73.45,72.0,72.15,1.1,9242170.0,673472408.0,,,,
2026-05-03,TWSE,00850,元大臺灣ESG永續,76.5,77.1,76.1,76.2,0.2,1750371.0,134224671.0,,,,
2026-05-03,TWSE,00851,台新全球AI,60.45,60.6,60.4,60.4,-0.05,79371.0,4802292.0,,,,
2026-05-03,TWSE,00852L,國泰美國道瓊正2,30.53,30.53,30.28,30.33,-0.72,550034.0,16706980.0,,,,
2026-05-03,TWSE,00861,元大全球未來通訊,75.5,75.9,75.0,75.2,0.85,105202.0,7956163.0,,,,
2026-05-03,TWSE,00865B,國泰US短期公債,47.85,48.06,47.85,48.06,0.21,2609305.0,125254590.0,,,,
2026-05-03,TWSE,00875,國泰網路資安,40.1,40.49,40.1,40.18,0.2,68723.0,2766029.0,,,,
2026-05-03,TWSE,00876,元大全球5G,74.5,75.15,74.5,74.9,1.2,199297.0,14915863.0,,,,
2026-05-03,TWSE,00878,國泰永續高股息,25.46,25.68,25.31,25.39,0.09,75139558.0,1918491016.0,,,,
2026-05-03,TWSE,00881,國泰台灣科技龍頭,47.16,47.24,46.6,46.79,0.39,15063033.0,706953542.0,,,,
2026-05-03,TWSE,00882,中信中國高股息,15.83,15.94,15.74,15.77,-0.06,8047886.0,127439753.0,,,,
2026-05-03,TWSE,00885,富邦越南,18.81,18.82,18.74,18.77,-0.1,2622266.0,49255823.0,,,,
2026-05-03,TWSE,00891,中信關鍵半導體,31.22,31.34,30.94,30.95,0.19,15526261.0,483229761.0,,,,
2026-05-03,TWSE,00892,富邦台灣半導體,38.42,38.63,38.17,38.19,0.16,2429304.0,93250399.0,,,,
2026-05-03,TWSE,00893,國泰智能電動車,41.0,41.4,40.93,40.93,0.41,1075854.0,44353478.0,,,,
2026-05-03,TWSE,00894,中信小資高價30,44.3,44.69,44.04,44.12,0.33,2442061.0,108269567.0,,,,
2026-05-03,TWSE,00895,富邦未來車,45.8,46.04,45.65,45.66,-0.11,313235.0,14363796.0,,,,
2026-05-03,TWSE,00896,中信綠能及電動車,24.89,25.18,24.8,24.85,0.01,1595224.0,39848823.0,,,,
2026-05-03,TWSE,00897,富邦基因免疫生技,9.66,9.66,9.55,9.56,-0.25,713236.0,6847319.0,,,,
2026-05-03,TWSE,00898,國泰基因免疫革命,7.98,7.98,7.88,7.88,-0.13,460026.0,3632432.0,,,,
2026-05-03,TWSE,00899,FT潔淨能源,25.52,25.68,25.52,25.62,0.22,117344.0,3005706.0,,,,
2026-05-03,TWSE,00900,富邦特選高股息30,15.44,15.47,15.34,15.4,0.02,11318308.0,174421608.0,,,,
2026-05-03,TWSE,00901,永豐智能車供應鏈,38.02,38.13,37.57,37.67,0.17,254552.0,9632618.0,,,,
2026-05-03,TWSE,00902,中信電池及儲能,16.9,17.06,16.86,16.94,0.25,5166626.0,87684311.0,,,,
2026-05-03,TWSE,00903,富邦元宇宙,18.75,18.88,18.7,18.72,0.17,631893.0,11862712.0,,,,
2026-05-03,TWSE,00904,新光臺灣半導體30,35.38,35.42,34.85,34.94,0.1,7074391.0,248437091.0,,,,
2026-05-03,TWSE,00905,FT臺灣Smart,23.27,23.32,23.0,23.06,0.07,1132969.0,26235862.0,,,,
2026-05-03,TWSE,00907,永豐優息存股,14.41,14.45,14.38,14.4,-0.01,1135180.0,16357918.0,,,,
2026-05-03,TWSE,00908,富邦入息REITs+,14.04,14.06,14.04,14.05,-0.11,197312.0,2770343.0,,,,
2026-05-03,TWSE,00909,國泰數位支付服務,41.86,41.99,41.43,41.43,-0.64,2323505.0,96977979.0,,,,
2026-05-03,TWSE,00910,第一金太空衛星,64.65,64.75,64.25,64.35,-0.3,2523602.0,162604994.0,,,,
2026-05-03,TWSE,00911,兆豐洲際半導體,48.49,48.65,48.22,48.3,0.9,501923.0,24300711.0,,,,
2026-05-03,TWSE,00912,中信臺灣智慧50,29.1,29.18,28.64,28.64,-0.22,1320382.0,38113866.0,,,,
2026-05-03,TWSE,00913,兆豐台灣晶圓製造,39.14,39.34,38.68,38.68,0.29,547946.0,21380335.0,,,,
2026-05-03,TWSE,00915,凱基優選高股息30,24.98,25.08,24.78,24.82,-0.07,8682891.0,217016968.0,,,,
2026-05-03,TWSE,00916,國泰全球品牌50,27.05,27.21,26.96,26.98,-0.03,1663787.0,45110041.0,,,,
2026-05-03,TWSE,00917,中信特選金融,21.73,21.75,21.55,21.62,-0.11,1017223.0,21992934.0,,,,
2026-05-03,TWSE,00918,大華優利高填息30,23.46,23.54,23.26,23.34,-0.07,18708691.0,438062843.0,,,,
2026-05-03,TWSE,00919,群益台灣精選高息,23.75,23.84,23.6,23.65,0.0,104089262.0,2471089862.0,,,,
2026-05-03,TWSE,00920,富邦ESG綠色電力,26.04,26.34,26.01,26.08,0.06,559697.0,14650293.0,,,,
2026-05-03,TWSE,00921,兆豐龍頭等權重,20.3,20.45,20.29,20.36,0.1,735942.0,14993712.0,,,,
2026-05-03,TWSE,00922,國泰台灣領袖50,34.29,34.39,33.82,33.82,-0.16,8660163.0,295553080.0,,,,
2026-05-03,TWSE,00923,群益台ESG低碳50,35.78,35.96,35.35,35.4,0.06,5942507.0,211608814.0,,,,
2026-05-03,TWSE,00924,復華S&P500成長,30.6,30.67,30.42,30.45,0.02,3067561.0,93740200.0,,,,
2026-05-03,TWSE,00926,凱基全球菁英55,24.44,24.52,24.36,24.4,0.07,1707799.0,41740200.0,,,,
2026-05-03,TWSE,00927,群益半導體收益,30.02,30.17,29.66,29.83,0.34,15682158.0,470063431.0,,,,
2026-05-03,TWSE,00929,復華台灣科技優息,22.42,22.46,22.14,22.24,0.14,39929372.0,891539736.0,,,,
2026-05-03,TWSE,00930,永豐ESG低碳高息,19.53,19.59,19.35,19.36,0.04,3011399.0,58723282.0,,,,
2026-05-03,TWSE,00932,兆豐永續高息等權,15.91,15.96,15.74,15.81,-0.01,1294605.0,20555010.0,,,,
2026-05-03,TWSE,00934,中信成長高股息,23.61,23.68,23.34,23.41,-0.16,4199769.0,98825409.0,,,,
2026-05-03,TWSE,00935,野村臺灣新科技50,50.3,50.6,49.84,50.0,0.53,10422215.0,523824209.0,,,,
2026-05-03,TWSE,00936,台新永續高息中小,18.78,18.99,18.73,18.94,0.24,9799015.0,185443915.0,,,,
2026-05-03,TWSE,00938,凱基優選30,20.38,20.46,20.22,20.26,-0.09,3680464.0,75014043.0,,,,
2026-05-03,TWSE,00939,統一台灣高息動能,16.78,16.98,16.76,16.84,0.1,7777661.0,131179449.0,,,,
2026-05-03,TWSE,00940,元大台灣價值高息,10.36,10.4,10.3,10.34,0.01,40612141.0,420600992.0,,,,
2026-05-03,TWSE,00941,中信上游半導體,23.97,23.97,23.63,23.66,-0.35,3241928.0,77096749.0,,,,
2026-05-03,TWSE,00943,兆豐電子高息等權,17.46,17.56,17.38,17.41,0.09,127345.0,2227377.0,,,,
2026-05-03,TWSE,00944,野村趨勢動能高息,17.21,17.3,17.11,17.15,0.03,1646539.0,28315343.0,,,,
2026-05-03,TWSE,00945B,凱基美國非投等債,14.46,14.49,14.44,14.48,0.02,8522189.0,123311819.0,,,,
2026-05-03,TWSE,00946,群益科技高息成長,11.74,11.77,11.6,11.66,0.11,5611912.0,65663061.0,,,,
2026-05-03,TWSE,00947,台新臺灣IC設計,31.63,32.0,31.0,31.09,-0.2,5223927.0,164279439.0,,,,
2026-05-03,TWSE,00949,復華日本龍頭,19.18,19.18,18.98,19.14,-0.04,1277957.0,24362510.0,,,,
2026-05-03,TWSE,00951,台新日本半導體,15.56,15.62,15.41,15.46,0.01,1682241.0,26112709.0,,,,
2026-05-03,TWSE,00952,凱基台灣AI50,16.1,16.21,15.96,16.05,0.14,4609468.0,74355649.0,,,,
2026-05-03,TWSE,00953B,群益優選非投等債,9.66,9.67,9.65,9.67,0.01,28942056.0,279659966.0,,,,
2026-05-03,TWSE,00954,中信日本半導體,16.55,16.64,16.41,16.46,-0.04,1416343.0,23393125.0,,,,
2026-05-03,TWSE,00956,中信日經高股息,11.84,11.85,11.79,11.84,-0.03,386523.0,4566351.0,,,,
2026-05-03,TWSE,00960,野村全球航運龍頭,17.15,17.21,17.13,17.16,0.01,697487.0,11987184.0,,,,
2026-05-03,TWSE,00961,FT臺灣永續高息,10.28,10.31,10.22,10.24,0.0,1955993.0,20078556.0,,,,
2026-05-03,TWSE,00962,台新AI優息動能,12.36,12.48,12.28,12.28,-0.01,732216.0,9074088.0,,,,
2026-05-03,TWSE,00963,中信全球高股息,12.59,12.59,12.5,12.51,-0.13,2306094.0,28896062.0,,,,
2026-05-03,TWSE,00964,中信亞太高股息,14.0,14.0,13.85,13.86,-0.13,3123764.0,43416567.0,,,,
2026-05-03,TWSE,00965,元大航太防衛科技,25.93,25.93,25.62,25.64,-0.38,9663413.0,248342560.0,,,,
2026-05-03,TWSE,00971,野村美國研發龍頭,16.15,16.25,16.06,16.07,-0.04,385733.0,6228734.0,,,,
2026-05-03,TWSE,00972,野村日本動能高息,18.4,18.4,18.31,18.4,-0.03,270513.0,4962179.0,,,,
2026-05-03,TWSE,009800,中信NASDAQ,12.01,12.05,11.91,11.94,0.05,4394762.0,52710033.0,,,,
2026-05-03,TWSE,009801,中信美國創新科技,11.57,11.63,11.5,11.52,-0.02,903800.0,10471982.0,,,,
2026-05-03,TWSE,009802,富邦旗艦50,16.0,16.09,15.75,15.85,0.11,3406586.0,54274036.0,,,,
2026-05-03,TWSE,009803,玉山市值動能50,19.34,19.35,19.08,19.16,0.1,881939.0,16969490.0,,,,
2026-05-03,TWSE,009804,聯邦台精彩50,19.61,19.88,19.42,19.49,0.06,1050888.0,20607534.0,,,,
2026-05-03,TWSE,009805,新光美國電力基建,16.44,16.51,16.4,16.42,-0.01,8472386.0,139460181.0,,,,
2026-05-03,TWSE,009808,華南永昌優選50,26.8,26.89,26.41,26.46,-0.1,575368.0,15354338.0,,,,
2026-05-03,TWSE,009809,富邦淨零ESG50,14.6,14.61,14.3,14.3,-0.11,1796963.0,25868812.0,,,,
2026-05-03,TWSE,00980A,主動野村臺灣優選,22.06,22.06,21.75,21.8,-0.01,15811772.0,345929659.0,,,,
2026-05-03,TWSE,009810,玉山全球藍籌100,19.82,19.87,19.76,19.76,0.1,390329.0,7734513.0,,,,
2026-05-03,TWSE,009811,統一美國50,12.26,12.3,12.2,12.21,0.05,3724604.0,45645555.0,,,,
2026-05-03,TWSE,009812,野村日本東證,11.6,11.6,11.46,11.53,-0.11,902168.0,10376906.0,,,,
2026-05-03,TWSE,009813,貝萊德標普卓越50,10.89,10.92,10.85,10.85,0.03,4262048.0,46397067.0,,,,
2026-05-03,TWSE,009816,凱基台灣TOP50,13.18,13.22,13.01,13.05,0.0,153826617.0,2016492913.0,,,,
2026-05-03,TWSE,009817,國泰日本不動產,9.23,9.24,9.2,9.24,0.0,2899046.0,26727830.0,,,,
2026-05-03,TWSE,009818,華南永昌NASDAQxT,17.54,17.64,17.43,17.45,0.08,1308594.0,22917006.0,,,,
2026-05-03,TWSE,009819,中信數據及電力,9.97,10.01,9.94,9.94,0.05,55402743.0,553001879.0,,,,
2026-05-03,TWSE,00981A,主動統一台股增長,28.03,28.43,27.9,28.28,0.54,403590807.0,11389365627.0,,,,
2026-05-03,TWSE,00981T,平衡凱基雙核收息,11.64,11.65,11.6,11.6,-0.03,3381630.0,39303433.0,,,,
2026-05-03,TWSE,009820,元大納斯達克精選,9.93,9.95,9.85,9.85,-0.08,35072865.0,347012773.0,,,,
2026-05-03,TWSE,00982A,主動群益台灣強棒,21.13,21.24,20.9,21.06,0.29,33338572.0,703504634.0,,,,
2026-05-03,TWSE,00982D,主動富邦動態入息,9.99,9.99,9.97,9.97,-0.02,1481767.0,14776946.0,,,,
2026-05-03,TWSE,00982T,平衡兆豐台美動能,13.32,13.33,13.12,13.12,-0.09,482848.0,6381691.0,,,,
2026-05-03,TWSE,00983A,主動中信ARK創新,11.1,11.19,11.03,11.04,-0.26,4683758.0,51980054.0,,,,
2026-05-03,TWSE,00983D,主動富邦複合收益,10.15,10.15,10.13,10.14,-0.02,1061504.0,10758782.0,,,,
2026-05-03,TWSE,00984A,主動安聯台灣高息,14.17,14.25,14.11,14.17,0.12,10295435.0,146189556.0,,,,
2026-05-03,TWSE,00984D,主動聯博全球非投,10.13,10.16,10.13,10.16,0.01,10343997.0,104940304.0,,,,
2026-05-03,TWSE,00985A,主動野村台灣50,20.15,20.19,19.87,19.92,-0.05,10418675.0,208386015.0,,,,
2026-05-03,TWSE,00985B,群益ESG投等債0-5,10.23,10.26,10.22,10.25,0.01,3184604.0,32609202.0,,,,
2026-05-03,TWSE,00986A,主動台新龍頭成長,13.47,13.64,13.47,13.52,0.05,830523.0,11288120.0,,,,
2026-05-03,TWSE,00987A,主動台新優勢成長,16.3,16.52,16.2,16.46,0.42,10797723.0,176944543.0,,,,
2026-05-03,TWSE,00988A,主動統一全球創新,17.06,17.18,16.94,17.04,0.52,46060277.0,786407267.0,,,,
2026-05-03,TWSE,00989A,主動摩根美國科技,15.8,15.9,15.72,15.72,0.14,3595849.0,56879147.0,,,,
2026-05-03,TWSE,00990A,主動元大AI新經濟,15.82,15.98,15.82,15.88,0.35,20974832.0,333529964.0,,,,
2026-05-03,TWSE,00991A,主動復華未來50,16.82,16.98,16.68,16.8,0.17,81891576.0,1379488305.0,,,,
2026-05-03,TWSE,00992A,主動群益科技創新,17.27,17.46,17.21,17.38,0.3,119956357.0,2083032646.0,,,,
2026-05-03,TWSE,00993A,主動安聯台灣,12.86,12.94,12.72,12.77,0.07,18290469.0,235073817.0,,,,
2026-05-03,TWSE,00994A,主動第一金台股優,16.74,16.93,16.61,16.82,0.31,15566705.0,261301545.0,,,,
2026-05-03,TWSE,00995A,主動中信台灣卓越,15.9,16.25,15.9,16.11,0.3,14378224.0,231713609.0,,,,
2026-05-03,TWSE,00996A,主動兆豐台灣豐收,12.88,13.23,12.88,13.22,0.46,28258406.0,370176076.0,,,,
2026-05-03,TWSE,00997A,主動群益美國增長,11.25,11.27,11.12,11.15,0.07,22946549.0,257240927.0,,,,
2026-05-03,TWSE,01001T,土銀富邦R1,11.93,12.01,11.91,12.0,0.12,90704.0,1086638.0,,,,
2026-05-03,TWSE,01002T,土銀國泰R1,14.23,14.23,14.23,14.23,0.03,115000.0,1636450.0,,,,
2026-05-03,TWSE,01004T,土銀富邦R2,10.91,10.93,10.9,10.9,0.03,197020.0,2149249.0,,,,
2026-05-03,TWSE,01007T,兆豐國泰R2,13.26,13.28,13.26,13.26,0.01,16332.0,216742.0,,,,
2026-05-03,TWSE,01009T,王道圓滿R1,5.72,5.73,5.72,5.73,0.0,29000.0,166100.0,,,,
2026-05-03,TWSE,01010T,京城樂富R1,9.99,10.0,9.97,10.0,0.0,167000.0,1666350.0,,,,
2026-05-03,TWSE,020000,富邦特選蘋果N,,,,,0.0,,,,,,
2026-05-03,TWSE,020011,統一微波高息20N,,,,,0.0,,,,,,
2026-05-03,TWSE,020012,富邦行動通訊N,,,,,0.0,,,,,,
2026-05-03,TWSE,02001L,富邦蘋果正二N,106.1,108.8,104.9,105.35,2.2,97000.0,10351150.0,,,,
2026-05-03,TWSE,02001R,富邦蘋果反一N,0.56,0.56,0.54,0.55,-0.01,227000.0,122890.0,,,,
2026-05-03,TWSE,020020,元大台股領航N,22.45,22.76,22.45,22.5,0.07,27000.0,608870.0,,,,
2026-05-03,TWSE,020028,元大特選電動車N,18.0,18.26,17.97,17.97,0.03,36000.0,654630.0,,,,
2026-05-03,TWSE,020029,元大ESG高股息N,12.13,12.41,12.13,12.3,0.17,85000.0,1052830.0,,,,
2026-05-03,TWSE,020030,統一智慧電動車N,16.02,16.29,16.02,16.13,0.27,8000.0,129300.0,,,,
2026-05-03,TWSE,020031,統一IC設計臺灣N,8.82,8.86,8.75,8.75,0.0,12000.0,105400.0,,,,
2026-05-03,TWSE,020032,元大綠能N,,,,,0.0,,,,,,
2026-05-03,TWSE,020034,元大IC設計N,11.85,11.95,11.85,11.87,0.21,35000.0,417140.0,,,,
2026-05-03,TWSE,020036,元大金融配息N,,,,,0.0,,,,,,
2026-05-03,TWSE,020037,元大金融高股息N,8.55,8.55,8.55,8.55,-0.1,20000.0,171000.0,,,,
2026-05-03,TWSE,020038,元大ESG配息N,9.49,9.5,9.48,9.48,0.06,6000.0,56930.0,,,,
2026-05-03,TWSE,020039,元大加權N,12.49,12.49,12.41,12.44,0.07,18000.0,224010.0,,,,
2026-05-03,TWSE,1101,台泥,24.5,24.75,24.45,24.5,0.0,21216965.0,520558962.0,,0.81,3.27,01
2026-05-03,TWSE,1101B,台泥乙特,45.4,45.45,45.4,45.4,0.0,59504.0,2702311.0,,,,
2026-05-03,TWSE,1102,亞泥,35.2,35.5,35.05,35.05,-0.35,11874662.0,417470570.0,12.39,0.69,6.56,01
2026-05-03,TWSE,1103,嘉泥,13.5,13.55,13.4,13.45,-0.05,195326.0,2628610.0,16.01,0.49,4.09,01
2026-05-03,TWSE,1104,環泥,28.5,28.7,28.3,28.35,-0.25,530424.0,15089419.0,11.07,0.81,6.53,01
2026-05-03,TWSE,1108,幸福,14.65,14.65,14.5,14.55,-0.1,86528.0,1259881.0,6.67,1.02,6.87,01
2026-05-03,TWSE,1109,信大,15.45,15.45,15.35,15.45,0.0,140092.0,2153150.0,15.0,0.63,5.83,01
2026-05-03,TWSE,1110,東泥,15.75,15.85,15.0,15.4,-0.2,250065.0,3832450.0,42.78,0.93,1.95,01
2026-05-03,TWSE,1201,味全,12.65,12.7,12.5,12.5,-0.15,367072.0,4608180.0,31.25,0.83,1.68,02
2026-05-03,TWSE,1203,味王,43.1,43.6,42.95,43.6,0.15,23513.0,1011860.0,24.09,1.62,2.29,02
2026-05-03,TWSE,1210,大成,53.8,53.8,53.2,53.4,-0.3,1675829.0,89416257.0,12.33,1.68,5.62,02
2026-05-03,TWSE,1213,大飲,9.1,9.1,8.8,9.03,0.19,6005.0,53620.0,,0.78,3.88,02
2026-05-03,TWSE,1215,卜蜂,140.0,141.5,138.5,138.5,-1.5,1251910.0,174391385.0,13.33,3.28,5.05,02
2026-05-03,TWSE,1216,統一,69.7,70.0,69.3,69.3,-0.7,14125978.0,981801097.0,20.09,2.9,4.33,02
2026-05-03,TWSE,1217,愛之味,9.93,9.95,9.9,9.9,-0.03,699903.0,6940908.0,23.57,0.63,2.53,02
2026-05-03,TWSE,1218,泰山,19.0,19.0,18.8,18.95,-0.05,458064.0,8662599.0,11.92,0.71,6.97,02
2026-05-03,TWSE,1219,福壽,13.5,13.5,13.4,13.5,0.0,215198.0,2895910.0,30.0,1.0,3.7,02
2026-05-03,TWSE,1220,台榮,12.5,12.5,12.35,12.5,0.1,74738.0,926344.0,156.25,0.94,1.6,02
2026-05-03,TWSE,1225,福懋油,32.85,32.85,31.65,32.0,-0.85,150724.0,4818311.0,19.75,1.98,3.13,02
2026-05-03,TWSE,1227,佳格,29.2,29.2,28.9,28.95,-0.25,1248501.0,36190823.0,21.77,1.42,4.63,02
2026-05-03,TWSE,1229,聯華,41.7,42.0,41.3,41.3,-0.6,3003240.0,124905807.0,16.07,1.29,4.84,02
2026-05-03,TWSE,1231,聯華食,87.5,87.6,86.8,86.8,-0.8,249240.0,21682091.0,22.78,3.57,2.88,02
2026-05-03,TWSE,1232,大統益,148.5,149.5,148.5,148.5,-0.5,63979.0,9522890.0,17.98,4.02,4.85,02
2026-05-03,TWSE,1233,天仁,29.25,29.25,28.7,28.75,-0.3,39067.0,1129538.0,38.33,1.92,0.7,02
2026-05-03,TWSE,1234,黑松,35.25,35.35,35.15,35.25,0.0,125747.0,4428983.0,17.63,0.75,4.68,02
2026-05-03,TWSE,1235,興泰,44.3,44.3,42.1,42.2,-2.95,27296.0,1164181.0,,0.66,2.37,02
2026-05-03,TWSE,1236,宏亞,26.35,26.35,25.6,25.75,0.0,39138.0,1010100.0,,0.88,6.41,02
2026-05-03,TWSE,1256,鮮活果汁-KY,163.0,165.0,161.5,161.5,-1.5,24189.0,3939125.0,15.11,1.46,4.09,02
2026-05-03,TWSE,1301,台塑,51.2,52.1,50.6,51.5,0.5,20701677.0,1065907887.0,,0.9,0.97,03
2026-05-03,TWSE,1303,南亞,92.5,93.6,87.8,89.6,-2.0,101531762.0,9143629936.0,157.19,2.0,0.89,03
2026-05-03,TWSE,1304,台聚,14.1,14.5,13.8,14.35,0.6,12389103.0,176089749.0,,0.88,1.05,03
2026-05-03,TWSE,1305,華夏,14.75,15.05,14.35,14.85,0.7,9282896.0,136862429.0,,1.12,0.67,03
2026-05-03,TWSE,1307,三芳,31.5,32.0,31.35,31.7,0.35,1021180.0,32319909.0,11.12,1.25,6.94,03
2026-05-03,TWSE,1308,亞聚,14.9,15.1,14.6,15.05,0.5,6074945.0,90443575.0,,0.87,1.33,03
2026-05-03,TWSE,1309,台達化,19.65,20.8,19.35,20.8,1.85,24559783.0,501007176.0,,1.44,0.72,03
2026-05-03,TWSE,1310,台苯,9.5,9.68,9.36,9.5,0.11,3902363.0,37094089.0,,0.68,,03
2026-05-03,TWSE,1312,國喬,12.45,12.55,12.2,12.3,-0.05,7858028.0,97015070.0,,0.48,,03
2026-05-03,TWSE,1312A,國喬特,,,,,0.0,,,,,,
2026-05-03,TWSE,1313,聯成,11.35,11.4,11.05,11.1,-0.15,5660827.0,63315679.0,,0.5,0.9,03
2026-05-03,TWSE,1314,中石化,7.48,7.51,7.36,7.42,-0.01,10905423.0,80827521.0,,0.37,,03
2026-05-03,TWSE,1315,達新,62.7,63.1,61.7,62.3,-0.4,86474.0,5386079.0,40.19,0.59,7.22,03
2026-05-03,TWSE,1316,上曜,11.3,11.3,10.95,11.0,-0.25,1376821.0,15253197.0,,0.88,,14
2026-05-03,TWSE,1319,東陽,75.0,75.6,73.7,74.8,0.0,3520091.0,262506930.0,11.63,1.58,6.68,12
2026-05-03,TWSE,1321,大洋,30.85,30.85,30.35,30.4,-0.45,225941.0,6894414.0,,1.18,1.25,03
2026-05-03,TWSE,1323,永裕,20.7,21.15,20.2,20.3,-0.15,299932.0,6175562.0,78.08,0.72,4.43,03
2026-05-03,TWSE,1324,地球,10.9,10.9,10.55,10.55,-0.25,127778.0,1360680.0,,0.89,1.9,03
2026-05-03,TWSE,1325,恆大,27.15,27.15,26.1,26.2,-0.6,256728.0,6799205.0,,0.86,1.15,03
2026-05-03,TWSE,1326,台化,53.0,53.3,51.2,52.3,-0.2,29865338.0,1551294912.0,,0.88,1.15,03
2026-05-03,TWSE,1337,再生-KY,5.14,5.16,5.02,5.02,-0.12,396641.0,2015973.0,,0.37,,03
2026-05-03,TWSE,1338,廣華-KY,16.65,16.9,16.25,16.35,-0.4,126685.0,2097461.0,,0.23,1.83,12
2026-05-03,TWSE,1339,昭輝,41.7,42.4,41.0,41.0,-0.85,61243.0,2538698.0,17.01,0.75,6.1,12
2026-05-03,TWSE,1340,勝悅-KY,5.72,5.79,5.68,5.77,-0.02,286613.0,1638845.0,,0.33,,03
2026-05-03,TWSE,1341,富林-KY,60.7,61.3,60.1,61.2,0.2,7320.0,444278.0,16.5,2.51,6.54,03
2026-05-03,TWSE,1342,八貫,93.5,94.0,91.8,92.0,-1.5,194130.0,17988076.0,15.46,3.43,6.52,20
2026-05-03,TWSE,1402,遠東新,26.0,26.15,25.75,25.75,-0.3,11788625.0,305382605.0,17.64,0.6,4.85,04
2026-05-03,TWSE,1409,新纖,17.55,17.8,16.8,16.8,-0.2,14150191.0,241954909.0,14.0,0.65,5.36,04
2026-05-03,TWSE,1410,南染,28.35,28.35,27.55,27.55,-0.8,51003.0,1420282.0,46.69,1.62,0.73,04
2026-05-03,TWSE,1413,宏洲,9.57,9.57,9.52,9.53,0.03,15929.0,151846.0,21.18,1.11,,04
2026-05-03,TWSE,1414,東和,16.95,16.95,16.5,16.65,-0.25,188761.0,3135863.0,79.29,1.13,1.2,04
2026-05-03,TWSE,1416,廣豐,11.5,11.5,11.35,11.4,-0.1,187318.0,2131849.0,14.07,0.48,5.0,20
2026-05-03,TWSE,1417,嘉裕,8.95,8.99,8.81,8.85,-0.02,140061.0,1238508.0,14.27,0.72,2.82,04
2026-05-03,TWSE,1418,東華,18.6,19.9,18.6,19.2,0.1,63525.0,1227247.0,,0.85,,04
2026-05-03,TWSE,1419,新紡,63.2,64.5,62.8,64.4,0.8,131676.0,8394568.0,15.67,1.1,2.8,04
2026-05-03,TWSE,1423,利華,41.4,41.6,41.2,41.6,-0.2,86101.0,3556044.0,9.54,1.13,8.65,04
2026-05-03,TWSE,1432,大魯閣,16.95,17.1,16.8,16.85,-0.1,208075.0,3515276.0,2.79,1.09,11.87,37
2026-05-03,TWSE,1434,福懋,16.1,16.15,15.85,15.9,-0.15,894493.0,14234178.0,31.18,0.63,3.14,04
2026-05-03,TWSE,1436,華友聯,50.8,51.2,49.65,49.95,-0.65,205488.0,10301869.0,9.97,1.49,10.11,14
2026-05-03,TWSE,1437,勤益控,29.9,29.9,29.55,29.65,-0.3,103472.0,3065396.0,12.25,0.72,3.24,20
2026-05-03,TWSE,1438,三地開發,23.45,23.45,21.85,22.15,-1.3,129221.0,2873335.0,12.73,0.78,,14
2026-05-03,TWSE,1439,雋揚,27.0,27.0,26.4,26.55,-0.1,40051.0,1068678.0,8.27,0.83,1.88,14
2026-05-03,TWSE,1440,南紡,12.8,12.85,12.65,12.65,-0.15,1083859.0,13793290.0,,0.76,2.37,04
2026-05-03,TWSE,1441,大東,10.2,10.2,10.0,10.05,-0.15,85895.0,864931.0,,1.56,,04
2026-05-03,TWSE,1442,名軒,27.55,27.55,26.2,26.2,-1.2,925843.0,24658320.0,8.65,1.2,9.16,14
2026-05-03,TWSE,1443,立益物流,21.3,21.3,21.1,21.2,-0.1,25231.0,535399.0,18.76,1.25,,20
2026-05-03,TWSE,1444,力麗,6.15,6.15,6.01,6.11,-0.03,1848624.0,11193538.0,,0.63,,04
2026-05-03,TWSE,1445,大宇,12.7,12.75,12.55,12.7,0.05,28634.0,362476.0,,0.78,3.94,04
2026-05-03,TWSE,1446,宏和,15.8,15.85,15.65,15.8,0.0,166428.0,2620583.0,9.75,0.78,9.49,04
2026-05-03,TWSE,1447,力鵬,5.02,5.06,4.98,4.99,-0.03,978173.0,4892618.0,,0.56,,04
2026-05-03,TWSE,1449,佳和,13.5,13.55,12.95,12.95,-0.4,1174410.0,15426952.0,117.73,0.73,,04
2026-05-03,TWSE,1451,年興,16.95,16.95,16.5,16.65,-0.3,215766.0,3612782.0,9.46,0.45,6.01,04
2026-05-03,TWSE,1452,宏益,11.4,11.4,11.4,11.4,0.0,20713.0,236118.0,,0.56,1.75,04
2026-05-03,TWSE,1453,大將,11.85,11.9,11.8,11.8,-0.05,30455.0,360713.0,295.0,0.93,2.54,14
2026-05-03,TWSE,1454,台富,14.0,14.45,13.6,14.2,0.15,152632.0,2145647.0,,1.26,0.7,04
2026-05-03,TWSE,1455,集盛,8.37,8.37,8.15,8.15,-0.22,878365.0,7227087.0,,0.75,1.96,04
2026-05-03,TWSE,1456,怡華,13.55,13.95,13.55,13.7,0.0,38759.0,531870.0,4.02,0.66,,14
2026-05-03,TWSE,1457,宜進,14.75,14.75,14.4,14.45,-0.15,165791.0,2400902.0,12.25,0.63,6.92,04
2026-05-03,TWSE,1459,聯發,11.65,11.7,11.65,11.7,-0.05,86882.0,1015752.0,14.44,1.06,1.71,04
2026-05-03,TWSE,1460,宏遠,6.98,7.05,6.94,6.98,0.0,559483.0,3922707.0,,0.83,,04
2026-05-03,TWSE,1463,強盛新,18.85,19.0,18.8,18.9,0.05,95031.0,1792615.0,145.38,1.25,0.69,04
2026-05-03,TWSE,1464,得力,10.05,10.1,10.0,10.0,-0.05,339343.0,3403057.0,28.57,0.81,2.5,04
2026-05-03,TWSE,1465,偉全,12.1,12.15,12.0,12.1,0.0,48391.0,584494.0,,0.8,2.48,04
2026-05-03,TWSE,1466,聚隆,16.1,16.6,15.8,16.3,0.2,191164.0,3080279.0,,1.17,1.23,04
2026-05-03,TWSE,1467,南緯,7.42,7.53,7.1,7.12,-0.3,599084.0,4362584.0,,0.57,,04
2026-05-03,TWSE,1468,昶和,12.2,12.2,11.95,12.05,-0.2,47001.0,566062.0,57.38,1.37,,04
2026-05-03,TWSE,1470,大統新創,,,,,0.0,1.0,22.0,28.85,1.9,2.89,04
2026-05-03,TWSE,1471,首利,11.75,11.75,11.3,11.3,-0.45,701159.0,8022089.0,376.67,1.17,,28
2026-05-03,TWSE,1472,三洋實業,89.9,90.7,89.3,89.3,-0.4,30135.0,2712714.0,13.95,2.04,6.72,14
2026-05-03,TWSE,1473,台南,21.6,21.6,21.0,21.25,-0.35,351834.0,7480206.0,37.28,0.82,2.35,04
2026-05-03,TWSE,1474,弘裕,10.0,10.0,9.92,10.0,0.01,80946.0,805557.0,29.41,0.6,2.5,04
2026-05-03,TWSE,1475,業旺,28.25,28.25,27.85,27.85,-0.35,17401.0,485977.0,10.24,1.18,5.39,04
2026-05-03,TWSE,1476,儒鴻,332.5,341.0,332.5,334.5,-1.5,1328985.0,448434633.0,16.64,3.1,4.48,04
2026-05-03,TWSE,1477,聚陽,212.0,213.5,210.0,211.5,-0.5,1336076.0,282545165.0,14.44,3.72,7.09,04
2026-05-03,TWSE,1503,士電,190.5,194.5,187.0,189.5,-1.0,1542099.0,294040666.0,30.22,2.72,2.64,05
2026-05-03,TWSE,1504,東元,65.5,65.8,62.2,62.4,0.2,24879960.0,1584844522.0,27.86,1.6,3.21,05
2026-05-03,TWSE,1506,正道,10.9,10.95,10.75,10.8,-0.05,99046.0,1072371.0,180.0,1.16,,05
2026-05-03,TWSE,1512,瑞利,7.5,7.6,7.4,7.48,-0.02,28922.0,215738.0,39.37,1.12,,12
2026-05-03,TWSE,1513,中興電,149.0,151.5,147.5,148.5,0.0,4297141.0,642731528.0,18.4,3.55,4.04,05
2026-05-03,TWSE,1514,亞力,111.5,113.0,109.5,110.0,-1.0,1809249.0,201252906.0,33.33,4.7,2.0,05
2026-05-03,TWSE,1515,力山,21.9,21.9,21.7,21.9,0.0,221189.0,4819597.0,22.58,1.0,2.74,05
2026-05-03,TWSE,1516,川飛,20.65,21.45,20.5,21.45,0.8,50962.0,1061630.0,429.0,4.15,,20
2026-05-03,TWSE,1517,利奇,10.45,10.45,10.35,10.4,-0.05,84423.0,878007.0,,0.67,1.92,05
2026-05-03,TWSE,1519,華城,874.0,905.0,862.0,888.0,17.0,2812385.0,2498572323.0,63.47,26.51,1.35,05
2026-05-03,TWSE,1521,大億,24.35,24.95,24.35,24.85,-0.15,14326.0,356114.0,28.56,1.02,3.02,12
2026-05-03,TWSE,1522,堤維西,31.55,31.6,30.8,30.95,-0.3,1013932.0,31493842.0,17.69,1.05,3.88,12
2026-05-03,TWSE,1522A,堤維西甲特,50.5,50.5,50.3,50.5,0.0,6257.0,315511.0,,,,
2026-05-03,TWSE,1524,耿鼎,28.9,28.9,28.05,28.15,-0.25,399450.0,11320231.0,14.44,1.54,4.97,12
2026-05-03,TWSE,1525,江申,62.5,63.5,60.9,63.3,0.8,83307.0,5189561.0,19.72,0.93,4.42,12
2026-05-03,TWSE,1526,日馳,16.4,16.6,16.3,16.35,0.1,102798.0,1690917.0,,0.72,,05
2026-05-03,TWSE,1527,鑽全,32.5,32.7,32.4,32.5,0.0,128312.0,4169338.0,21.38,0.93,4.62,05
2026-05-03,TWSE,1528,恩德,28.0,29.2,27.4,28.8,1.05,29672988.0,850759560.0,,2.56,0.35,05
2026-05-03,TWSE,1529,樂事綠能,21.9,22.05,21.7,21.7,-0.1,374670.0,8178885.0,21.49,1.86,4.61,05
2026-05-03,TWSE,1530,亞崴,26.65,26.65,26.35,26.45,-0.05,15331.0,405930.0,,0.78,3.78,05
2026-05-03,TWSE,1531,高林股,13.25,13.25,12.9,12.95,-0.15,132715.0,1728223.0,,0.66,7.72,05
2026-05-03,TWSE,1532,勤美,20.9,21.0,20.7,20.85,-0.05,934378.0,19483291.0,21.06,0.58,3.84,05
2026-05-03,TWSE,1533,車王電,32.95,33.0,32.2,32.5,0.0,204852.0,6662016.0,56.03,1.4,,12
2026-05-03,TWSE,1535,中宇,50.8,51.1,50.6,50.9,0.0,41877.0,2130911.0,12.73,1.65,5.89,05
2026-05-03,TWSE,1536,和大,51.6,53.3,51.5,51.5,0.0,2814239.0,147786477.0,,1.85,1.55,12
2026-05-03,TWSE,1537,廣隆,122.5,123.5,122.0,123.0,0.5,88219.0,10808732.0,15.47,2.3,5.85,05
2026-05-03,TWSE,1538,正峰,13.35,13.35,13.35,13.35,-0.85,1249.0,16762.0,,3.12,,05
2026-05-03,TWSE,1539,巨庭,16.2,16.2,16.05,16.15,-0.05,31308.0,504485.0,76.9,0.66,5.26,05
2026-05-03,TWSE,1540,喬福,20.95,21.4,20.85,20.95,0.05,262724.0,5559076.0,18.87,1.21,4.77,05
2026-05-03,TWSE,1541,錩泰,24.05,24.3,23.8,23.95,-0.3,60166.0,1439621.0,10.32,0.89,2.09,05
2026-05-03,TWSE,1558,伸興,91.0,92.2,91.0,92.2,1.2,56487.0,5160485.0,16.29,1.15,5.42,05
2026-05-03,TWSE,1560,中砂,526.0,555.0,520.0,540.0,19.0,3535036.0,1904801905.0,58.44,9.76,0.93,05
2026-05-03,TWSE,1563,巧新,41.6,41.6,41.15,41.45,0.05,341120.0,14099116.0,28.78,1.05,4.83,12
2026-05-03,TWSE,1568,倉佑,28.25,28.6,28.0,28.5,0.05,257852.0,7295047.0,20.96,1.55,3.51,12
2026-05-03,TWSE,1582,信錦,91.2,91.5,88.5,88.6,-2.1,1957551.0,175626869.0,25.68,1.76,3.39,28
2026-05-03,TWSE,1583,程泰,46.65,47.05,46.6,46.6,-0.5,16048.0,750998.0,,0.9,2.15,05
2026-05-03,TWSE,1587,吉茂,32.3,32.3,31.6,31.7,-0.6,393697.0,12509372.0,85.68,1.62,1.58,12
2026-05-03,TWSE,1590,亞德客-KY,1565.0,1580.0,1455.0,1455.0,-35.0,2744949.0,4125279245.0,34.64,5.53,1.96,05
2026-05-03,TWSE,1597,直得,143.5,143.5,140.5,143.5,13.0,4524620.0,649039873.0,157.69,5.2,0.49,05
2026-05-03,TWSE,1598,岱宇,21.0,21.1,20.8,20.8,-0.2,476997.0,9996928.0,,0.84,2.4,37
2026-05-03,TWSE,1603,華電,32.35,32.4,31.7,31.9,-0.45,227043.0,7241899.0,9.79,0.68,6.27,06
2026-05-03,TWSE,1604,聲寶,23.1,23.1,22.9,22.9,-0.15,157659.0,3623065.0,13.47,0.97,6.55,06
2026-05-03,TWSE,1605,華新,30.9,31.0,30.1,30.15,-0.6,16582155.0,504602437.0,41.88,0.81,1.66,06
2026-05-03,TWSE,1608,華榮,32.85,33.1,32.45,32.7,0.0,2291333.0,75238956.0,5.95,1.45,6.12,06
2026-05-03,TWSE,1609,大亞,32.4,32.8,32.1,32.2,-0.05,2657496.0,86134076.0,19.52,1.47,2.17,06
2026-05-03,TWSE,1611,中電,11.85,12.0,11.85,11.95,0.1,421895.0,5022802.0,398.33,0.92,6.69,06
2026-05-03,TWSE,1612,宏泰,35.55,35.75,35.4,35.65,0.1,787418.0,28018987.0,12.87,1.33,7.01,06
2026-05-03,TWSE,1614,三洋電,31.9,31.95,31.85,31.85,-0.3,30420.0,969947.0,32.84,1.45,3.05,06
2026-05-03,TWSE,1615,大山,45.9,46.3,45.7,45.7,-0.5,104110.0,4779435.0,9.5,2.04,5.47,06
2026-05-03,TWSE,1616,億泰,22.2,22.5,22.1,22.15,-0.15,357052.0,7937471.0,14.29,1.89,6.14,06
2026-05-03,TWSE,1617,榮星,15.25,15.3,15.0,15.0,-0.25,122792.0,1851142.0,22.06,1.09,4.0,06
2026-05-03,TWSE,1618,合機,39.05,39.05,38.45,38.5,-0.55,664038.0,25676358.0,9.14,1.13,4.42,06
2026-05-03,TWSE,1623,大東電,240.0,240.0,238.0,239.0,-1.0,97762.0,23376984.0,17.55,4.87,3.35,06
2026-05-03,TWSE,1626,艾美特-KY,11.25,11.4,11.15,11.35,0.15,193215.0,2181233.0,,0.62,,06
2026-05-03,TWSE,1702,南僑,35.4,35.45,35.05,35.1,-0.25,431696.0,15209631.0,31.34,0.73,4.56,02
2026-05-03,TWSE,1707,葡萄王,113.5,114.0,112.5,112.5,-1.5,241208.0,27235273.0,13.69,1.61,5.33,22
2026-05-03,TWSE,1708,東鹼,42.3,43.4,41.1,41.8,-0.5,5919003.0,248895216.0,12.74,1.41,3.83,21
2026-05-03,TWSE,1709,和益,19.0,19.0,18.65,18.65,-0.25,390771.0,7342016.0,15.16,0.99,5.36,21
2026-05-03,TWSE,1710,東聯,13.3,13.4,12.9,13.0,-0.2,4296489.0,56370768.0,,1.24,,21
2026-05-03,TWSE,1711,永光,56.9,56.9,55.6,56.5,-0.7,5779202.0,325355075.0,,3.78,0.53,21
2026-05-03,TWSE,1712,興農,43.0,43.0,42.2,42.2,-0.65,856321.0,36342180.0,16.23,2.07,5.92,21
2026-05-03,TWSE,1713,國化,46.9,48.75,46.2,46.3,-0.4,644148.0,30577680.0,11.96,1.84,6.7,21
2026-05-03,TWSE,1714,和桐,9.63,9.67,9.39,9.4,-0.2,3757127.0,35599406.0,18.8,0.76,1.91,21
2026-05-03,TWSE,1717,長興,82.0,83.0,78.1,78.9,-2.8,52724023.0,4230134644.0,55.96,3.34,1.27,21
2026-05-03,TWSE,1718,中纖,6.7,6.7,6.53,6.55,-0.1,4072047.0,26801471.0,72.78,0.4,,21
2026-05-03,TWSE,1720,生達,61.4,62.0,61.0,61.0,-0.4,170765.0,10486429.0,11.75,1.78,4.92,22
2026-05-03,TWSE,1721,三晃,25.1,25.1,24.0,24.2,-0.9,3069232.0,74842100.0,,2.72,,21
2026-05-03,TWSE,1722,台肥,51.0,52.0,49.0,50.7,2.0,41863198.0,2117137155.0,53.37,0.92,3.94,21
2026-05-03,TWSE,1723,中碳,77.7,78.9,77.6,78.3,0.3,558962.0,43730662.0,31.57,2.26,2.36,21
2026-05-03,TWSE,1725,元禎,32.5,32.5,31.0,31.0,-1.4,153797.0,4833431.0,20.26,0.85,3.45,21
2026-05-03,TWSE,1726,永記,75.5,76.5,75.5,75.6,-0.2,14514.0,1097886.0,13.75,1.17,4.89,21
2026-05-03,TWSE,1727,中華化,81.8,84.6,80.2,81.5,-1.7,28077140.0,2313094717.0,2037.5,4.98,0.18,21
2026-05-03,TWSE,1730,花仙子,52.4,52.5,52.4,52.5,0.0,28525.0,1495802.0,11.67,1.62,5.71,21
2026-05-03,TWSE,1731,美吾華,21.65,21.8,21.65,21.65,0.0,43007.0,932605.0,15.92,1.33,5.64,22
2026-05-03,TWSE,1732,毛寶,26.25,26.25,25.8,25.8,-0.25,73721.0,1916312.0,37.39,2.18,2.33,21
2026-05-03,TWSE,1733,五鼎,28.5,28.95,28.5,28.55,-0.15,78090.0,2240093.0,17.52,1.53,4.55,22
2026-05-03,TWSE,1734,杏輝,31.85,32.0,31.45,31.5,-0.35,267358.0,8450117.0,16.41,1.74,5.08,22
2026-05-03,TWSE,1735,日勝化,28.45,28.8,27.1,27.2,-1.55,1645282.0,45290366.0,34.87,1.74,2.39,21
2026-05-03,TWSE,1736,喬山,127.5,130.5,121.5,122.0,-6.5,931387.0,116177079.0,13.47,2.7,3.28,37
2026-05-03,TWSE,1737,臺鹽,31.8,31.85,31.6,31.85,0.05,68237.0,2162268.0,15.93,0.93,4.4,02
2026-05-03,TWSE,1752,南光,33.6,33.65,33.45,33.5,-0.1,98245.0,3293421.0,13.84,1.36,4.78,22
2026-05-03,TWSE,1760,寶齡富錦,69.0,71.6,67.1,68.2,-0.2,972460.0,67209919.0,30.72,2.99,2.93,22
2026-05-03,TWSE,1762,中化生,28.3,28.45,28.15,28.25,-0.05,94365.0,2665482.0,,0.7,0.67,22
2026-05-03,TWSE,1773,勝一,172.0,172.0,166.5,167.0,-5.0,1741208.0,292805221.0,23.03,4.22,2.4,21
2026-05-03,TWSE,1776,展宇,16.5,16.7,16.45,16.5,0.05,82140.0,1357305.0,58.93,1.15,3.64,21
2026-05-03,TWSE,1783,和康生,39.55,39.55,38.8,38.9,-0.5,196839.0,7686420.0,12.88,2.15,5.14,22
2026-05-03,TWSE,1786,科妍,58.0,58.3,57.2,57.5,-0.8,267084.0,15384269.0,26.5,2.17,3.32,22
2026-05-03,TWSE,1789,神隆,20.6,20.75,20.25,20.3,-0.4,614239.0,12553644.0,119.41,1.53,1.43,22
2026-05-03,TWSE,1795,美時,222.5,226.0,221.0,221.0,0.5,1792543.0,400183764.0,12.31,2.44,1.22,22
2026-05-03,TWSE,1802,台玻,66.3,69.3,65.3,67.0,0.8,126951852.0,8558957955.0,,4.09,,08
2026-05-03,TWSE,1805,寶徠,10.65,10.85,10.65,10.85,0.1,89403.0,960827.0,57.11,0.9,,14
2026-05-03,TWSE,1806,冠軍,8.83,8.83,8.6,8.6,-0.24,861297.0,7458400.0,29.66,0.63,1.74,08
2026-05-03,TWSE,1808,潤隆,29.5,29.55,28.7,28.7,-0.8,2204046.0,63693063.0,19.66,2.0,5.23,14
2026-05-03,TWSE,1809,中釉,26.4,26.65,25.6,25.7,-0.75,1409413.0,36482856.0,135.26,1.47,0.97,08
2026-05-03,TWSE,1810,和成,17.4,17.5,17.25,17.4,0.15,434135.0,7560669.0,348.0,0.76,1.15,08
2026-05-03,TWSE,1817,凱撒衛,38.8,38.85,38.55,38.6,-0.1,22604.0,874142.0,10.69,1.25,5.7,08
2026-05-03,TWSE,1903,士紙,49.7,50.1,49.35,49.45,-0.4,149859.0,7444517.0,38.33,2.33,,09
2026-05-03,TWSE,1904,正隆,18.0,18.0,17.6,17.6,-0.35,1578181.0,27978283.0,23.78,0.67,2.56,09
2026-05-03,TWSE,1905,華紙,13.25,13.25,13.0,13.0,-0.25,3044498.0,39855821.0,,0.89,,09
2026-05-03,TWSE,1906,寶隆,11.3,11.3,11.2,11.25,-0.1,34673.0,390948.0,1125.0,0.61,0.89,09
2026-05-03,TWSE,1907,永豐餘,23.95,24.0,23.6,23.6,-0.35,1941421.0,46074126.0,19.83,0.52,4.24,09
2026-05-03,TWSE,1909,榮成,9.21,9.21,9.02,9.05,-0.16,2398789.0,21790178.0,,0.58,,09
2026-05-03,TWSE,2002,中鋼,18.9,18.95,18.7,18.75,-0.25,40997251.0,769966990.0,,0.97,0.8,10
2026-05-03,TWSE,2002A,中鋼特,38.8,38.9,38.8,38.8,0.05,14609.0,567110.0,,,,
2026-05-03,TWSE,2006,東和鋼鐵,67.1,67.1,65.2,65.2,-1.9,4460673.0,292674644.0,9.83,1.47,6.6,10
2026-05-03,TWSE,2007,燁興,7.74,7.74,7.45,7.46,-0.24,407147.0,3066363.0,,0.94,,10
2026-05-03,TWSE,2008,高興昌,27.55,27.95,27.5,27.5,-0.5,32095.0,884210.0,40.44,1.4,3.64,10
2026-05-03,TWSE,2009,第一銅,37.85,38.15,37.35,37.5,-0.5,1336302.0,50358817.0,110.29,1.39,1.07,10
2026-05-03,TWSE,2010,春源,24.85,24.95,24.7,24.75,-0.1,831934.0,20597589.0,10.67,1.24,8.08,10
2026-05-03,TWSE,2012,春雨,15.05,15.05,14.6,14.7,-0.35,125084.0,1835697.0,73.5,1.06,2.04,10
2026-05-03,TWSE,2013,中鋼構,43.0,43.0,42.6,42.75,-0.3,54165.0,2317877.0,13.4,1.51,5.61,10
2026-05-03,TWSE,2014,中鴻,18.05,18.05,17.5,17.6,-0.45,3465950.0,61248214.0,,2.09,,10
2026-05-03,TWSE,2015,豐興,61.5,61.7,60.9,60.9,-0.9,568175.0,34740991.0,15.34,1.67,5.42,10
2026-05-03,TWSE,2017,官田鋼,8.88,8.88,8.62,8.62,-0.2,613914.0,5349691.0,,0.78,,10
2026-05-03,TWSE,2020,美亞,22.45,22.45,22.0,22.15,-0.15,387528.0,8598762.0,10.4,1.32,8.13,10
2026-05-03,TWSE,2022,聚亨,8.3,8.3,8.08,8.12,-0.12,685420.0,5590758.0,,0.8,,10
2026-05-03,TWSE,2023,燁輝,14.1,14.1,13.9,14.0,-0.1,3047393.0,42547862.0,,0.8,,10
2026-05-03,TWSE,2024,志聯,14.1,14.3,14.1,14.1,0.0,26264.0,373844.0,,1.23,,10
2026-05-03,TWSE,2025,千興,11.2,11.3,11.0,11.05,-0.3,163174.0,1815742.0,,1.32,,10
2026-05-03,TWSE,2027,大成鋼,38.55,38.7,37.6,37.7,-0.75,20009399.0,763009415.0,13.27,1.18,3.98,10
2026-05-03,TWSE,2028,威致,19.55,19.55,17.5,17.5,-0.55,309827.0,5559953.0,62.5,1.2,1.14,10
2026-05-03,TWSE,2029,盛餘,20.1,20.25,20.05,20.2,0.1,110237.0,2217977.0,27.3,0.64,2.97,10
2026-05-03,TWSE,2030,彰源,16.4,16.6,15.9,15.95,-0.45,667577.0,10772501.0,45.57,0.9,3.13,10
2026-05-03,TWSE,2031,新光鋼,40.85,40.9,40.45,40.65,-0.2,871562.0,35476040.0,12.32,1.11,6.15,10
2026-05-03,TWSE,2032,新鋼,16.55,16.55,15.9,16.0,-0.55,376765.0,6066685.0,28.57,1.19,3.13,10
2026-05-03,TWSE,2033,佳大,16.1,16.1,15.3,15.5,-0.55,389926.0,6068318.0,44.29,1.18,1.29,10
2026-05-03,TWSE,2034,允強,21.9,21.9,21.15,21.3,-0.7,2350141.0,50641772.0,101.43,1.15,4.69,10
2026-05-03,TWSE,2038,海光,14.4,14.55,14.0,14.1,-0.15,398196.0,5627726.0,,0.72,1.42,10
2026-05-03,TWSE,2049,上銀,312.5,321.5,308.0,312.5,4.0,9788451.0,3092965639.0,72.51,2.96,0.64,05
2026-05-03,TWSE,2059,川湖,4120.0,4170.0,3910.0,3910.0,-250.0,1278072.0,5105067225.0,37.88,13.3,1.3,28
2026-05-03,TWSE,2062,橋椿,21.05,21.05,20.8,20.85,-0.4,288660.0,6025925.0,53.46,0.55,4.8,38
2026-05-03,TWSE,2069,運錩,19.1,19.1,18.75,18.8,-0.3,209248.0,3938719.0,11.6,0.75,5.32,10
2026-05-03,TWSE,2072,世紀風電,182.5,186.5,180.0,185.0,4.0,844488.0,155217358.0,15.49,1.6,3.83,35
2026-05-03,TWSE,2101,南港,34.4,34.4,33.4,33.45,-0.65,1014148.0,34110177.0,30.14,1.92,2.09,11
2026-05-03,TWSE,2102,泰豐,19.05,19.1,18.8,18.8,-0.35,447443.0,8444533.0,2.99,0.9,,11
2026-05-03,TWSE,2103,台橡,19.6,19.95,19.4,19.65,0.05,3362384.0,66198622.0,36.39,0.81,1.37,11
2026-05-03,TWSE,2104,國際中橡,10.8,10.8,10.6,10.7,-0.05,1672520.0,17949484.0,,0.43,,11
2026-05-03,TWSE,2105,正新,31.55,31.85,31.15,31.2,-0.35,8685387.0,272385485.0,20.8,1.16,5.77,11
2026-05-03,TWSE,2106,建大,17.55,17.6,17.25,17.25,-0.25,602508.0,10457179.0,132.69,0.84,3.77,11
2026-05-03,TWSE,2107,厚生,26.15,26.3,26.05,26.25,0.1,248067.0,6486633.0,15.72,0.59,5.33,11
2026-05-03,TWSE,2108,南帝,26.9,26.9,26.35,26.7,0.05,974700.0,25921593.0,32.17,0.91,3.75,11
2026-05-03,TWSE,2109,華豐,14.35,14.4,14.35,14.4,0.0,151024.0,2170331.0,12.41,1.15,6.94,11
2026-05-03,TWSE,2114,鑫永銓,88.6,88.9,88.3,88.5,-0.1,32221.0,2850032.0,15.31,2.18,5.65,11
2026-05-03,TWSE,2115,六暉-KY,21.25,21.35,21.1,21.2,-0.1,77509.0,1646432.0,13.42,0.69,5.66,12
2026-05-03,TWSE,2201,裕隆,27.25,27.4,26.9,27.0,-0.2,2484654.0,67219802.0,29.35,0.45,2.07,12
2026-05-03,TWSE,2204,中華,54.2,54.4,53.8,54.1,-0.1,906844.0,49100873.0,10.04,0.79,6.65,12
2026-05-03,TWSE,2206,三陽工業,56.8,56.8,55.1,55.5,-1.5,1620208.0,90137364.0,9.54,1.64,5.41,12
2026-05-03,TWSE,2207,和泰車,478.5,480.0,475.0,476.5,-3.5,499389.0,238071352.0,14.04,3.08,4.2,12
2026-05-03,TWSE,2208,台船,20.15,20.25,19.8,19.8,-0.3,4440108.0,88793772.0,,3.52,,15
2026-05-03,TWSE,2211,長榮鋼,98.5,99.0,97.5,97.5,-1.5,921013.0,90370371.0,11.34,1.49,6.67,10
2026-05-03,TWSE,2227,裕日車,53.5,53.8,53.0,53.5,-0.4,32031.0,1705075.0,41.15,0.89,7.29,12
2026-05-03,TWSE,2228,劍麟,87.8,87.9,87.0,87.2,-0.5,185978.0,16262651.0,16.64,1.38,5.16,12
2026-05-03,TWSE,2231,為升,120.5,121.5,117.0,120.5,0.0,613189.0,73639189.0,,4.86,0.41,12
2026-05-03,TWSE,2233,宇隆,275.0,300.0,271.0,300.0,27.0,6174279.0,1803117780.0,44.78,4.57,1.33,12
2026-05-03,TWSE,2236,百達-KY,134.0,134.0,131.5,132.0,0.0,199331.0,26414366.0,,3.7,0.49,12
2026-05-03,TWSE,2239,英利-KY,21.75,22.15,21.75,21.8,-0.15,33211.0,727780.0,,0.23,,12
2026-05-03,TWSE,2241,艾姆勒,30.05,30.35,29.7,29.8,-0.25,627872.0,18814258.0,,2.32,,12
2026-05-03,TWSE,2243,宏旭-KY,28.5,28.8,27.05,27.25,-0.95,2172650.0,60547604.0,22.34,2.34,,12
2026-05-03,TWSE,2247,汎德永業,215.0,215.0,212.0,212.5,-2.0,72455.0,15423969.0,11.6,1.33,6.82,12
2026-05-03,TWSE,2248,華勝-KY,56.8,57.1,55.6,56.5,-0.9,59587.0,3361333.0,10.87,1.62,5.45,12
2026-05-03,TWSE,2250,IKKA-KY,63.3,64.6,63.0,63.0,-0.3,87803.0,5612602.0,16.45,1.09,4.76,12
2026-05-03,TWSE,2254,巨鎧精密-創,71.9,71.9,71.0,71.5,-1.0,7035.0,502626.0,,4.14,,12
2026-05-03,TWSE,2258,鴻華先進-創,28.65,28.9,28.05,28.45,-0.05,466884.0,13278308.0,,3.72,,12
2026-05-03,TWSE,2301,光寶科,170.0,179.5,164.5,166.0,-6.0,57280644.0,9838257184.0,24.41,4.28,3.01,25
2026-05-03,TWSE,2302,麗正,18.8,19.05,18.6,18.7,0.05,559552.0,10506663.0,38.16,1.72,1.87,24
2026-05-03,TWSE,2303,聯電,80.5,80.9,76.3,77.3,2.8,333288108.0,26100038450.0,19.42,2.39,3.36,24
2026-05-03,TWSE,2305,全友,16.3,16.5,15.7,15.7,-0.55,2298533.0,36669785.0,78.5,1.39,,25
2026-05-03,TWSE,2308,台達電,2220.0,2280.0,2150.0,2165.0,0.0,14060511.0,30992635715.0,79.83,18.77,0.54,28
2026-05-03,TWSE,2312,金寶,28.55,29.05,27.55,27.65,-0.9,52074412.0,1468300167.0,26.59,1.83,2.17,31
2026-05-03,TWSE,2313,華通,231.5,251.5,227.5,244.5,14.5,78199478.0,18974555949.0,44.37,6.09,1.15,28
2026-05-03,TWSE,2314,台揚,14.1,14.25,14.1,14.1,0.0,261195.0,3697037.0,,11.02,,27
2026-05-03,TWSE,2316,楠梓電,114.0,115.0,112.0,112.5,-1.5,2546862.0,287505683.0,8.41,1.62,1.78,28
2026-05-03,TWSE,2317,鴻海,224.5,230.0,219.5,219.5,-5.5,73683654.0,16520785864.0,16.19,1.73,3.28,31
2026-05-03,TWSE,2321,東訊,12.9,13.2,12.9,13.2,0.3,3272.0,41404.0,,2.08,,27
2026-05-03,TWSE,2323,中環,10.3,10.4,10.15,10.15,-0.1,4129671.0,42345036.0,6.42,0.57,1.97,26
2026-05-03,TWSE,2324,仁寶,29.45,29.55,29.0,29.0,-0.7,24600246.0,717637737.0,21.01,0.96,3.79,25
2026-05-03,TWSE,2327,國巨*,323.0,333.0,317.0,317.0,-5.0,35517666.0,11510305699.0,27.59,3.81,1.89,28
2026-05-03,TWSE,2328,廣宇,48.3,50.7,47.6,49.55,2.35,24100442.0,1192155265.0,31.76,1.72,1.82,28
2026-05-03,TWSE,2329,華泰,56.9,57.5,54.8,54.9,-2.0,13179875.0,738646414.0,24.84,3.16,1.82,24
2026-05-03,TWSE,2330,台積電,2205.0,2215.0,2135.0,2135.0,-45.0,59584011.0,129082703075.0,32.23,10.22,1.03,24
2026-05-03,TWSE,2331,精英,20.55,20.85,20.45,20.55,0.1,1598784.0,32927145.0,14.57,1.06,1.02,25
2026-05-03,TWSE,2332,友訊,13.95,14.05,13.8,13.85,-0.05,1623601.0,22576324.0,,1.0,0.72,27
2026-05-03,TWSE,2337,旺宏,172.5,176.0,154.0,154.0,-13.0,290565132.0,47454513692.0,,6.49,,24
2026-05-03,TWSE,2338,光罩,47.8,48.75,46.6,47.0,-0.35,3001276.0,143169153.0,,3.04,,24
2026-05-03,TWSE,2340,台亞,39.35,39.9,37.8,38.05,-0.8,25091721.0,974715754.0,,2.54,,24
2026-05-03,TWSE,2342,茂矽,32.55,34.85,32.5,33.6,1.1,6981784.0,236008700.0,,2.27,0.89,24
2026-05-03,TWSE,2344,華邦電,94.2,94.6,88.8,89.8,-2.9,116065273.0,10532859195.0,102.05,3.74,0.56,24
2026-05-03,TWSE,2345,智邦,2225.0,2315.0,2215.0,2280.0,70.0,3775578.0,8579401800.0,48.38,22.15,0.66,27
2026-05-03,TWSE,2347,聯強,82.3,83.3,82.1,82.5,-0.8,3801688.0,314587752.0,16.24,1.72,5.09,29
2026-05-03,TWSE,2348,海悅,72.8,72.8,71.1,71.1,-1.7,349846.0,25112345.0,11.89,1.55,7.74,20
2026-05-03,TWSE,2348A,海悅甲特,38.0,38.1,38.0,38.1,0.0,4495.0,170910.0,,,,
2026-05-03,TWSE,2349,錸德,12.7,12.75,12.35,12.45,-0.15,2919151.0,36504861.0,,1.6,,26
2026-05-03,TWSE,2351,順德,152.0,160.0,151.0,154.0,2.0,10072980.0,1558317926.0,92.77,4.03,0.71,24
2026-05-03,TWSE,2352,佳世達,24.45,24.45,23.9,23.9,-0.45,2651259.0,63843482.0,33.19,1.32,4.18,25
2026-05-03,TWSE,2353,宏碁,27.35,28.05,27.35,27.6,0.25,21657038.0,601998676.0,21.9,1.1,4.71,25
2026-05-03,TWSE,2354,鴻準,50.8,52.8,50.8,51.8,0.8,8679752.0,451981450.0,22.33,0.68,2.9,31
2026-05-03,TWSE,2355,敬鵬,50.5,52.8,50.4,51.2,0.4,11581503.0,597479807.0,32.0,1.18,1.95,28
2026-05-03,TWSE,2356,英業達,46.45,46.65,45.8,45.9,-0.4,15146613.0,699654537.0,18.97,2.16,4.36,25
2026-05-03,TWSE,2357,華碩,585.0,590.0,581.0,581.0,-7.0,3074874.0,1797021664.0,9.68,1.61,7.23,25
2026-05-03,TWSE,2359,所羅門,114.5,124.5,114.5,119.0,4.5,6495003.0,784331831.0,96.75,3.54,0.84,31
2026-05-03,TWSE,2360,致茂,2115.0,2155.0,2085.0,2120.0,65.0,3995528.0,8492878125.0,76.81,28.15,0.92,31
2026-05-03,TWSE,2362,藍天,38.65,38.75,38.35,38.5,-0.2,367395.0,14160449.0,18.69,0.51,5.19,25
2026-05-03,TWSE,2363,矽統,53.9,54.9,52.0,52.0,0.7,10426327.0,555692377.0,33.99,1.46,1.15,24
2026-05-03,TWSE,2364,倫飛,65.1,65.1,63.0,63.0,-1.1,76164.0,4860126.0,15.0,3.93,4.76,25
2026-05-03,TWSE,2365,昆盈,36.3,38.0,35.75,35.9,-1.05,9255024.0,340371605.0,112.19,2.61,0.84,25
2026-05-03,TWSE,2367,燿華,57.1,60.3,56.0,57.7,0.2,46158597.0,2697950840.0,83.62,3.17,0.35,28
2026-05-03,TWSE,2368,金像電,1360.0,1410.0,1320.0,1390.0,30.0,4979385.0,6848070865.0,73.12,20.98,0.72,28
2026-05-03,TWSE,2369,菱生,30.4,30.8,29.55,29.55,-0.65,6553599.0,196908451.0,,2.3,1.02,24
2026-05-03,TWSE,2371,大同,31.3,31.7,30.2,30.2,-0.9,15340133.0,469226154.0,,1.34,10.3,05
2026-05-03,TWSE,2373,震旦行,57.5,57.8,57.0,57.1,-0.5,43221.0,2476000.0,14.68,1.71,6.48,31
2026-05-03,TWSE,2374,佳能,75.0,81.3,74.5,78.4,3.4,30274390.0,2382972012.0,32.26,3.17,2.3,26
2026-05-03,TWSE,2375,凱美,88.2,89.9,85.0,85.0,-2.6,3765002.0,328469912.0,22.79,0.94,1.41,28
2026-05-03,TWSE,2376,技嘉,273.0,280.0,271.0,273.0,0.5,5636066.0,1554393746.0,15.0,3.09,4.4,25
2026-05-03,TWSE,2377,微星,100.5,101.0,97.1,97.7,-2.3,15980140.0,1579499686.0,14.37,1.51,4.3,25
2026-05-03,TWSE,2379,瑞昱,545.0,556.0,535.0,537.0,-14.0,2851421.0,1548143614.0,18.76,5.3,4.66,24
2026-05-03,TWSE,2380,虹光,5.54,5.62,5.54,5.62,0.51,454071.0,2551036.0,28.1,2.18,,25
2026-05-03,TWSE,2382,廣達,320.0,321.0,312.0,312.5,-9.5,18917525.0,5975404272.0,16.07,4.95,4.99,25
2026-05-03,TWSE,2383,台光電,4550.0,4660.0,4485.0,4545.0,105.0,3472525.0,15926701156.0,98.59,33.97,0.55,28
2026-05-03,TWSE,2385,群光,123.0,126.0,123.0,123.5,-1.0,2563853.0,319024563.0,13.65,2.03,5.83,28
2026-05-03,TWSE,2387,精元,40.9,40.9,40.5,40.5,-0.05,301574.0,12251301.0,11.67,0.74,9.88,25
2026-05-03,TWSE,2388,威盛,72.1,78.6,71.7,78.6,7.1,21343602.0,1649471430.0,655.0,2.05,0.25,24
2026-05-03,TWSE,2390,云辰,9.98,9.98,9.74,9.78,-0.15,442742.0,4358379.0,,0.81,,31
2026-05-03,TWSE,2392,正崴,38.1,38.15,36.9,37.0,-0.8,1246025.0,46582689.0,,0.78,2.7,28
2026-05-03,TWSE,2393,億光,72.3,73.2,70.4,71.1,-0.2,3702775.0,265053409.0,15.46,1.58,6.33,26
2026-05-03,TWSE,2395,研華,367.0,369.5,357.5,359.5,-6.5,3072034.0,1111238984.0,29.39,5.66,3.12,25
2026-05-03,TWSE,2397,友通,56.8,57.0,56.5,56.5,-0.7,112341.0,6375032.0,22.69,1.9,4.34,25
2026-05-03,TWSE,2399,映泰,42.7,43.4,41.7,42.45,-0.25,20084036.0,857361578.0,283.0,3.43,,25
2026-05-03,TWSE,2401,凌陽,23.5,24.5,23.35,24.1,0.75,5921473.0,142825965.0,,1.73,,24
2026-05-03,TWSE,2402,毅嘉,68.9,70.4,67.7,70.2,1.8,11052692.0,768485506.0,28.65,2.92,2.85,28
2026-05-03,TWSE,2404,漢唐,960.0,963.0,945.0,950.0,-9.0,3019950.0,2873945085.0,19.75,9.62,4.21,31
2026-05-03,TWSE,2405,輔信,15.1,15.2,14.95,14.95,-0.1,1004802.0,15116778.0,,1.47,0.67,25
2026-05-03,TWSE,2406,國碩,30.6,31.2,30.1,30.55,0.0,4933283.0,150664586.0,,3.0,,26
2026-05-03,TWSE,2408,南亞科,239.5,240.0,214.5,215.5,-19.5,125666192.0,28127647083.0,101.17,3.92,0.7,24
2026-05-03,TWSE,2409,友達,17.5,17.6,16.95,17.2,-0.1,107364483.0,1848269219.0,18.9,0.85,2.33,26
2026-05-03,TWSE,2412,中華電,136.0,137.0,135.5,136.0,-0.5,9821487.0,1336283081.0,27.25,2.73,3.82,27
2026-05-03,TWSE,2413,環科,45.0,45.3,43.25,43.55,-1.3,1457122.0,64375152.0,106.22,2.75,1.15,28
2026-05-03,TWSE,2414,精技,45.75,45.8,45.45,45.7,-0.05,123083.0,5622104.0,14.42,2.29,6.56,29
2026-05-03,TWSE,2415,錩新,27.25,27.25,26.6,26.6,-0.55,182388.0,4894026.0,14.7,1.41,5.98,28
2026-05-03,TWSE,2417,圓剛,47.1,47.15,44.7,47.15,4.25,11980273.0,557291505.0,,2.22,0.53,25
2026-05-03,TWSE,2419,仲琦,30.75,31.0,30.2,30.25,-0.3,1605364.0,48998818.0,,2.03,,27
2026-05-03,TWSE,2420,新巨,54.3,55.3,54.3,54.7,0.4,181803.0,9991121.0,13.99,2.1,5.48,28
2026-05-03,TWSE,2421,建準,149.0,149.0,145.0,145.0,-1.5,3501196.0,515019478.0,18.24,4.45,3.79,28
2026-05-03,TWSE,2423,固緯,59.5,59.5,57.2,57.5,-1.5,296000.0,17185626.0,19.69,2.81,4.35,31
2026-05-03,TWSE,2424,隴華,21.9,21.9,21.4,21.6,-0.3,53327.0,1152474.0,,4.14,,27
2026-05-03,TWSE,2425,承啟,30.3,31.1,30.15,30.3,0.45,642177.0,19689493.0,,1.21,0.33,25
2026-05-03,TWSE,2426,鼎元,62.6,64.7,56.0,57.3,-2.2,64170249.0,3845104576.0,,4.57,0.17,26
2026-05-03,TWSE,2427,三商電,21.2,21.3,21.0,21.1,-0.1,522419.0,11043638.0,13.79,1.27,3.32,30
2026-05-03,TWSE,2428,興勤,180.0,180.5,174.0,174.0,-4.5,956202.0,169527820.0,14.8,1.99,3.39,28
2026-05-03,TWSE,2429,銘旺科,54.4,54.4,52.0,52.1,-0.9,243453.0,12910868.0,,5.78,,26
2026-05-03,TWSE,2430,燦坤,20.35,20.4,19.95,19.95,-0.5,394553.0,7906666.0,28.91,0.53,4.01,29
2026-05-03,TWSE,2431,聯昌,11.05,11.05,10.8,10.8,-0.05,387727.0,4245140.0,,1.1,,28
2026-05-03,TWSE,2432,倚天酷碁-創,27.8,27.9,27.5,27.65,-0.15,28931.0,800185.0,14.55,1.44,6.15,25
2026-05-03,TWSE,2433,互盛電,45.35,45.45,45.3,45.35,-0.55,37103.0,1683867.0,14.87,1.96,5.95,31
2026-05-03,TWSE,2434,統懋,29.6,30.0,29.4,29.6,0.0,14348.0,425999.0,1480.0,2.32,,24
2026-05-03,TWSE,2436,偉詮電,70.6,75.2,70.5,72.7,2.4,11750839.0,862736536.0,25.96,3.46,2.75,24
2026-05-03,TWSE,2438,翔耀,22.4,23.0,22.3,22.5,0.05,161328.0,3647044.0,,4.32,,26
2026-05-03,TWSE,2439,美律,87.9,88.0,85.4,86.0,-2.4,3871849.0,334191605.0,17.48,1.29,4.65,27
2026-05-03,TWSE,2440,太空梭,18.7,19.5,18.05,18.25,-0.35,3254089.0,60697790.0,,1.61,,28
2026-05-03,TWSE,2441,超豐,87.9,88.4,83.7,84.0,-3.9,12017798.0,1030275458.0,17.99,1.89,3.57,24
2026-05-03,TWSE,2442,新美齊,18.5,18.5,18.2,18.25,-0.2,1669604.0,30548663.0,3.54,0.81,14.79,14
2026-05-03,TWSE,2444,兆勁,13.7,13.7,13.2,13.35,0.0,403043.0,5393279.0,,1.71,,27
2026-05-03,TWSE,2449,京元電子,287.0,311.0,286.5,302.5,19.0,71863037.0,21704401588.0,33.57,7.34,0.5,24
2026-05-03,TWSE,2450,神腦,29.8,29.8,29.55,29.6,-0.45,206235.0,6111589.0,19.35,1.25,5.24,27
2026-05-03,TWSE,2451,創見,270.0,270.5,252.0,252.5,-15.5,15418045.0,3968421576.0,19.53,4.72,4.67,24
2026-05-03,TWSE,2453,凌群,53.8,55.0,53.1,53.5,-0.1,357470.0,19299779.0,17.15,2.39,5.23,30
2026-05-03,TWSE,2454,聯發科,2665.0,2685.0,2565.0,2610.0,35.0,17532158.0,45996897710.0,39.56,10.4,2.05,24
2026-05-03,TWSE,2455,全新,321.0,347.5,321.0,347.5,31.5,24628405.0,8458098572.0,109.62,17.52,0.76,27
2026-05-03,TWSE,2457,飛宏,23.95,24.3,23.75,23.95,0.0,1719906.0,41332497.0,,1.13,,28
2026-05-03,TWSE,2458,義隆,134.5,136.5,133.5,136.5,2.5,1854138.0,251439317.0,16.0,3.79,5.18,24
2026-05-03,TWSE,2459,敦吉,66.7,67.1,66.7,66.7,-0.3,147420.0,9856344.0,12.9,1.23,6.3,31
2026-05-03,TWSE,2460,建通,37.15,37.15,35.7,35.8,-1.3,1993819.0,71721278.0,,4.01,,28
2026-05-03,TWSE,2461,光群雷,16.9,16.95,16.65,16.85,-0.1,500497.0,8389244.0,,0.96,5.99,31
2026-05-03,TWSE,2462,良得電,21.8,21.8,21.0,21.1,-0.5,393239.0,8360700.0,78.15,0.97,0.95,28
2026-05-03,TWSE,2464,盟立,112.0,118.0,111.5,113.5,-1.0,30874543.0,3543610145.0,,4.74,0.44,31
2026-05-03,TWSE,2465,麗臺,73.0,75.0,70.1,74.0,4.0,4358783.0,318833289.0,189.74,6.4,,25
2026-05-03,TWSE,2466,冠西電,59.0,59.1,57.2,57.7,-1.5,423595.0,24590356.0,240.42,4.99,,26
2026-05-03,TWSE,2467,志聖,566.0,609.0,556.0,609.0,55.0,5898109.0,3497712424.0,111.74,14.18,0.9,28
2026-05-03,TWSE,2468,華經,34.2,34.2,33.5,33.5,0.0,149691.0,5066332.0,26.8,1.84,2.99,30
2026-05-03,TWSE,2471,資通,52.4,53.8,52.2,52.6,0.3,160224.0,8485779.0,14.45,2.63,6.29,30
2026-05-03,TWSE,2472,立隆電,180.5,181.5,174.0,176.5,-1.0,2759541.0,490775433.0,20.22,3.2,1.98,28
2026-05-03,TWSE,2474,可成,215.5,217.0,208.0,209.0,-7.5,7164622.0,1507905297.0,17.19,0.86,4.86,31
2026-05-03,TWSE,2476,鉅祥,116.0,118.0,114.5,117.0,3.0,3675720.0,428377494.0,27.46,2.87,2.56,28
2026-05-03,TWSE,2477,美隆電,21.25,21.25,20.9,20.95,-0.25,322836.0,6779874.0,12.47,0.79,6.68,31
2026-05-03,TWSE,2478,大毅,70.4,71.9,68.2,68.4,-0.9,2194907.0,153384531.0,18.44,1.34,2.66,28
2026-05-03,TWSE,2480,敦陽科,144.5,144.5,141.5,143.0,0.0,522886.0,74829143.0,17.04,5.09,5.45,30
2026-05-03,TWSE,2481,強茂,102.0,105.5,100.0,101.0,0.0,17478248.0,1789284087.0,32.37,2.63,1.78,24
2026-05-03,TWSE,2482,連宇,16.8,17.0,16.8,16.85,-0.1,125404.0,2114903.0,,1.21,0.59,31
2026-05-03,TWSE,2483,百容,23.1,23.1,22.3,22.4,-0.3,167070.0,3751370.0,37.33,0.94,1.34,28
2026-05-03,TWSE,2484,希華,40.6,40.75,39.4,39.55,-0.65,1692067.0,67535291.0,60.85,1.67,1.77,28
2026-05-03,TWSE,2485,兆赫,60.7,63.1,58.5,58.7,-2.2,33268714.0,2008827814.0,,3.64,,27
2026-05-03,TWSE,2486,一詮,258.0,278.0,242.0,270.5,17.0,33488505.0,8638178738.0,1229.55,12.1,0.18,26
2026-05-03,TWSE,2488,漢平,51.4,52.5,51.4,51.8,0.4,292644.0,15253245.0,11.36,1.48,5.79,31
2026-05-03,TWSE,2489,瑞軒,42.0,45.5,41.5,42.1,0.1,108916868.0,4709445853.0,32.38,1.92,2.85,26
2026-05-03,TWSE,2491,吉祥全,15.15,15.6,15.15,15.2,0.0,190931.0,2925942.0,10.63,1.34,,26
2026-05-03,TWSE,2492,華新科,134.5,136.5,131.0,131.5,-3.0,9215847.0,1228649452.0,27.74,1.23,1.83,28
2026-05-03,TWSE,2493,揚博,125.5,126.5,123.0,123.0,-1.5,1228380.0,153091461.0,28.21,4.8,3.25,28
2026-05-03,TWSE,2495,普安,40.8,41.35,39.7,40.2,-0.75,5680635.0,229287424.0,35.58,2.4,1.99,25
2026-05-03,TWSE,2496,卓越,64.8,64.8,64.3,64.6,0.2,7156.0,461654.0,10.57,1.39,7.74,20
2026-05-03,TWSE,2497,怡利電,56.3,56.5,55.0,55.1,0.0,515191.0,28605529.0,22.67,2.76,3.63,12
2026-05-03,TWSE,2498,宏達電,39.85,40.9,39.85,40.15,0.35,6917634.0,279471614.0,5.57,1.26,,27
2026-05-03,TWSE,2501,國建,23.3,23.5,23.0,23.15,-0.05,3209432.0,74316262.0,8.18,0.87,5.18,14
2026-05-03,TWSE,2504,國產,35.7,35.75,35.2,35.25,-0.35,2387124.0,84433828.0,10.68,1.53,7.38,14
2026-05-03,TWSE,2505,國揚,17.95,17.95,17.7,17.7,-0.25,466649.0,8287176.0,7.47,0.62,5.65,14
2026-05-03,TWSE,2506,太設,8.75,8.89,8.72,8.89,0.09,149539.0,1318892.0,444.5,0.41,2.25,14
2026-05-03,TWSE,2509,全坤建,13.6,13.65,13.5,13.5,-0.1,149447.0,2024695.0,,0.77,,14
2026-05-03,TWSE,2511,太子,7.99,8.0,7.94,7.99,-0.01,941964.0,7505310.0,24.21,0.5,3.75,14
2026-05-03,TWSE,2514,龍邦,13.3,13.3,13.2,13.3,0.05,65150.0,862236.0,7.11,0.38,,20
2026-05-03,TWSE,2515,中工,13.4,13.4,13.0,13.05,-0.25,6091662.0,79801978.0,32.63,0.93,3.83,14
2026-05-03,TWSE,2516,新建,13.75,13.75,13.6,13.65,-0.1,206918.0,2818063.0,11.1,1.5,,14
2026-05-03,TWSE,2520,冠德,30.5,30.5,29.45,29.45,-0.95,2639297.0,78528122.0,11.28,0.72,5.43,14
2026-05-03,TWSE,2524,京城,37.35,37.35,36.75,36.75,-0.95,83446.0,3091226.0,21.37,0.64,,14
2026-05-03,TWSE,2527,宏璟,34.6,34.6,33.6,34.05,-0.5,481402.0,16367635.0,36.61,0.52,4.41,14
2026-05-03,TWSE,2528,皇普,22.7,22.85,22.4,22.5,-0.05,421732.0,9561772.0,6.37,1.24,13.33,14
2026-05-03,TWSE,2530,華建,21.2,21.35,20.85,20.85,-0.35,1450883.0,30602498.0,10.27,1.74,8.87,14
2026-05-03,TWSE,2534,宏盛,19.2,19.25,18.9,19.05,-0.2,564157.0,10734685.0,9.25,0.6,7.87,14
2026-05-03,TWSE,2535,達欣工,76.2,76.2,72.1,72.1,-3.6,816630.0,59903394.0,8.65,1.89,6.38,14
2026-05-03,TWSE,2536,宏普,22.1,22.1,21.55,21.55,-0.7,219369.0,4770981.0,6.76,0.57,2.32,14
2026-05-03,TWSE,2537,聯上發,10.45,10.55,10.2,10.2,-0.25,1453368.0,15007642.0,68.0,0.69,,14
2026-05-03,TWSE,2538,基泰,9.93,9.95,9.72,9.76,-0.17,809038.0,7944388.0,27.89,0.76,7.17,14
2026-05-03,TWSE,2539,櫻花建,41.6,41.6,40.95,41.0,-0.5,973020.0,39958343.0,11.85,2.73,6.83,14
2026-05-03,TWSE,2540,愛山林,56.5,56.5,54.1,54.1,-2.9,1412430.0,77939871.0,79.56,3.11,7.39,14
2026-05-03,TWSE,2542,興富發,40.2,40.5,39.95,40.15,-0.45,12764554.0,512845496.0,19.12,1.61,9.96,14
2026-05-03,TWSE,2543,皇昌,46.0,48.65,46.0,46.7,1.3,4727769.0,224190754.0,17.49,2.49,10.71,14
2026-05-03,TWSE,2545,皇翔,37.9,38.0,37.25,37.5,-0.4,289788.0,10880451.0,20.95,0.95,7.47,14
2026-05-03,TWSE,2546,根基,85.3,85.3,84.5,84.5,-0.8,75718.0,6431461.0,8.88,1.83,7.1,14
2026-05-03,TWSE,2547,日勝生,10.55,10.55,10.3,10.35,0.0,3196967.0,33263493.0,3.7,0.75,7.73,14
2026-05-03,TWSE,2548,華固,128.0,128.0,125.0,126.0,-1.5,1521370.0,192034634.0,9.83,1.96,6.75,14
2026-05-03,TWSE,2597,潤弘,156.5,157.0,152.0,157.0,2.5,809202.0,124724517.0,14.6,5.38,6.16,14
2026-05-03,TWSE,2601,益航,5.1,5.1,4.9,5.01,-0.17,4690147.0,23415332.0,,0.56,,18
2026-05-03,TWSE,2603,長榮,200.5,203.0,200.0,202.0,0.5,6460050.0,1304405749.0,6.38,0.78,7.92,15
2026-05-03,TWSE,2605,新興,33.6,34.85,33.55,34.7,1.4,8307810.0,285971205.0,23.93,1.16,2.88,15
2026-05-03,TWSE,2606,裕民,60.4,61.2,60.1,60.6,0.1,2507234.0,151669175.0,14.06,1.32,4.62,15
2026-05-03,TWSE,2607,榮運,48.5,48.5,47.45,47.45,-0.9,511349.0,24421862.0,8.75,0.83,5.69,15
2026-05-03,TWSE,2608,嘉里大榮,30.15,30.3,30.0,30.25,0.15,309979.0,9336797.0,15.36,1.13,5.45,15
2026-05-03,TWSE,2609,陽明,49.4,49.7,49.1,49.15,-0.2,11508316.0,567333236.0,10.03,0.53,4.07,15
2026-05-03,TWSE,2610,華航,18.15,18.15,17.9,17.9,-0.25,21412281.0,384747429.0,7.4,1.12,4.58,15
2026-05-03,TWSE,2611,志信,13.5,13.5,13.3,13.3,-0.3,402034.0,5383666.0,25.58,0.93,3.91,15
2026-05-03,TWSE,2612,中航,54.7,54.7,53.9,54.1,-0.4,331258.0,17954432.0,9.91,0.79,4.07,15
2026-05-03,TWSE,2613,中櫃,22.6,22.6,22.4,22.4,-0.1,163586.0,3670554.0,19.65,0.93,4.46,15
2026-05-03,TWSE,2614,東森,20.35,20.4,20.15,20.2,-0.1,429444.0,8695594.0,10.15,1.54,5.94,20
2026-05-03,TWSE,2615,萬海,75.1,76.0,74.5,74.6,-1.1,4808930.0,360911147.0,6.65,0.76,4.02,15
2026-05-03,TWSE,2616,山隆,14.6,14.65,14.05,14.2,0.0,388697.0,5531795.0,,0.73,2.11,23
2026-05-03,TWSE,2617,台航,29.75,29.75,29.35,29.35,-0.45,642601.0,18934332.0,8.87,0.67,5.11,15
2026-05-03,TWSE,2618,長榮航,33.95,34.2,33.5,33.5,-0.5,26150659.0,883605443.0,6.92,1.31,5.97,15
2026-05-03,TWSE,2630,亞航,47.35,47.55,46.75,46.95,-0.25,656338.0,30889386.0,46.95,2.77,1.92,15
2026-05-03,TWSE,2633,台灣高鐵,26.6,26.6,26.4,26.5,-0.15,5489391.0,145431422.0,22.65,2.05,4.34,15
2026-05-03,TWSE,2634,漢翔,47.5,47.5,46.9,46.95,-0.55,4046439.0,190574454.0,58.69,2.44,1.66,15
2026-05-03,TWSE,2636,台驊控股,67.1,67.5,66.9,67.1,0.0,154516.0,10369960.0,8.67,0.93,7.45,15
2026-05-03,TWSE,2637,慧洋-KY,71.3,72.0,71.1,71.7,0.1,1249050.0,89503023.0,13.61,1.11,4.88,15
2026-05-03,TWSE,2642,宅配通,21.9,21.9,21.65,21.8,-0.15,60230.0,1308379.0,,1.01,2.29,15
2026-05-03,TWSE,2645,長榮航太,155.0,155.0,152.5,153.0,-1.5,687858.0,105621871.0,28.02,4.23,3.27,15
2026-05-03,TWSE,2646,星宇航空,20.45,20.5,20.25,20.25,-0.2,3208646.0,65270612.0,225.0,1.94,,15
2026-05-03,TWSE,2701,萬企,10.7,10.75,10.55,10.6,-0.1,68379.0,726834.0,18.93,0.57,2.64,16
2026-05-03,TWSE,2702,華園,15.5,15.5,15.25,15.3,-0.1,98770.0,1515003.0,,0.74,,16
2026-05-03,TWSE,2704,國賓,42.9,42.9,41.65,41.7,-1.0,259967.0,10898248.0,73.16,0.6,1.2,16
2026-05-03,TWSE,2705,六福,16.35,16.85,16.25,16.65,0.3,298945.0,4964535.0,19.14,0.63,,16
2026-05-03,TWSE,2706,第一店,12.5,12.5,12.3,12.4,0.0,81858.0,1013062.0,19.08,0.61,2.82,16
2026-05-03,TWSE,2707,晶華,170.5,170.5,168.5,168.5,-2.0,497494.0,84167537.0,14.74,5.18,6.38,16
2026-05-03,TWSE,2712,遠雄來,17.9,18.0,17.05,17.85,-0.05,60015.0,1058220.0,,1.83,,16
2026-05-03,TWSE,2722,夏都,23.2,23.5,23.2,23.3,-0.1,71511.0,1665983.0,,1.41,0.64,16
2026-05-03,TWSE,2723,美食-KY,63.5,64.4,63.5,63.5,0.2,212229.0,13529178.0,,1.13,4.72,16
2026-05-03,TWSE,2727,王品,226.0,228.0,225.5,226.5,0.5,231722.0,52588507.0,14.14,3.99,7.12,16
2026-05-03,TWSE,2731,雄獅,159.0,160.5,158.5,159.0,0.5,529915.0,84436836.0,9.09,2.99,8.05,16
2026-05-03,TWSE,2739,寒舍,34.7,34.7,34.4,34.5,-0.1,70095.0,2422286.0,14.62,1.96,7.48,16
2026-05-03,TWSE,2748,雲品,40.0,40.05,39.65,39.65,-0.15,89246.0,3555106.0,18.27,1.38,4.41,16
2026-05-03,TWSE,2753,八方雲集,179.0,180.5,177.5,177.5,-1.5,297539.0,53016815.0,13.82,3.11,6.76,16
2026-05-03,TWSE,2762,世界健身-KY,73.1,73.5,73.0,73.0,0.0,48625.0,3556975.0,19.52,2.76,8.15,37
2026-05-03,TWSE,2801,彰銀,21.3,21.45,21.15,21.15,-0.2,16152202.0,343442521.0,14.01,1.13,4.73,17
2026-05-03,TWSE,2812,台中銀,20.0,20.05,19.75,19.85,-0.15,12995569.0,258402232.0,13.23,1.3,5.34,17
2026-05-03,TWSE,2816,旺旺保,30.3,30.45,30.2,30.35,-0.1,128501.0,3896307.0,6.51,0.84,4.94,17
2026-05-03,TWSE,2820,華票,17.0,17.0,16.8,16.8,-0.1,1243466.0,20941274.0,12.54,0.81,5.36,17
2026-05-03,TWSE,2832,台產,52.0,52.3,51.7,52.3,0.5,158267.0,8249881.0,10.67,1.12,6.69,17
2026-05-03,TWSE,2834,臺企銀,16.5,16.55,16.35,16.35,-0.15,27154170.0,446233921.0,12.98,1.08,6.12,17
2026-05-03,TWSE,2836,高雄銀,11.95,12.0,11.85,11.85,-0.1,1074876.0,12791955.0,17.43,0.83,3.8,17
2026-05-03,TWSE,2836A,高雄銀甲特,24.6,24.7,24.6,24.7,0.0,23317.0,574711.0,,,,
2026-05-03,TWSE,2838,聯邦銀,20.2,20.2,19.95,20.0,-0.2,1993957.0,39954546.0,14.93,1.06,5.3,17
2026-05-03,TWSE,2838A,聯邦銀甲特,54.7,54.8,54.7,54.8,0.0,12540.0,685878.0,,,,
2026-05-03,TWSE,2845,遠東銀,12.3,12.35,12.25,12.25,-0.05,9140319.0,112322205.0,14.24,0.85,5.14,17
2026-05-03,TWSE,2849,安泰銀,13.8,13.8,13.55,13.65,-0.15,116901.0,1589966.0,17.28,0.74,2.78,17
2026-05-03,TWSE,2850,新產,132.0,135.5,132.0,133.0,5.5,1150460.0,153441735.0,10.83,2.03,5.47,17
2026-05-03,TWSE,2851,中再保,30.5,30.5,30.15,30.15,-0.25,1192715.0,36104663.0,8.24,1.11,7.3,17
2026-05-03,TWSE,2852,第一保,26.2,26.3,26.1,26.1,-0.05,228153.0,5983074.0,8.94,0.86,6.36,17
2026-05-03,TWSE,2855,統一證,35.5,36.05,34.85,35.6,0.5,7589759.0,269439843.0,11.87,1.45,5.93,17
2026-05-03,TWSE,2867,三商壽,7.78,7.82,7.71,7.71,-0.11,6025397.0,46683951.0,38.55,1.13,,17
2026-05-03,TWSE,2880,華南金,32.7,32.9,32.05,32.05,-0.85,29661385.0,957876639.0,16.87,1.89,4.52,17
2026-05-03,TWSE,2881,富邦金,90.4,91.8,90.0,90.0,-1.3,31101166.0,2823399768.0,11.61,1.43,4.72,17
2026-05-03,TWSE,2881A,富邦特,64.2,64.4,64.2,64.4,0.1,197469.0,12696267.0,,,,
2026-05-03,TWSE,2881B,富邦金乙特,62.6,62.7,62.6,62.6,-0.1,13742.0,860452.0,,,,
2026-05-03,TWSE,2881C,富邦金丙特,51.4,51.5,51.3,51.4,0.0,82058.0,4213792.0,,,,
2026-05-03,TWSE,2882,國泰金,78.0,79.5,77.2,77.2,-1.4,29476709.0,2297418031.0,11.68,1.35,4.53,17
2026-05-03,TWSE,2882A,國泰特,62.4,62.5,62.3,62.3,-0.2,86384.0,5392265.0,,,,
2026-05-03,TWSE,2882B,國泰金乙特,60.7,60.9,60.7,60.9,0.0,7735.0,470279.0,,,,
2026-05-03,TWSE,2883,凱基金,21.5,21.6,21.3,21.5,-0.2,56240224.0,1205740993.0,13.27,1.22,4.65,17
2026-05-03,TWSE,2883B,凱基金乙特,8.25,8.25,8.21,8.23,-0.01,1238506.0,10183472.0,,,,
2026-05-03,TWSE,2884,玉山金,32.1,32.4,31.8,31.85,-0.55,48508781.0,1552030167.0,15.02,1.89,4.4,17
2026-05-03,TWSE,2885,元大金,51.3,53.0,51.3,52.2,-0.1,33966640.0,1781272522.0,19.05,2.04,4.21,17
2026-05-03,TWSE,2886,兆豐金,39.35,39.95,39.1,39.1,-1.0,32116300.0,1265741065.0,16.57,1.48,4.48,17
2026-05-03,TWSE,2887,台新新光金,24.05,24.15,23.8,23.8,-0.25,61035540.0,1458368968.0,16.76,1.29,4.62,17
2026-05-03,TWSE,2887E,台新新光戊特一,51.3,51.8,51.3,51.5,0.1,366273.0,18881842.0,,,,
2026-05-03,TWSE,2887F,台新新光戊特二,47.45,47.6,47.45,47.6,0.05,123727.0,5876161.0,,,,
2026-05-03,TWSE,2887G,台新新光庚特一,42.4,42.4,42.35,42.35,-0.05,24530.0,1039788.0,,,,
2026-05-03,TWSE,2887H,台新新光庚特二,40.85,40.9,40.8,40.85,0.05,30385.0,1241123.0,,,,
2026-05-03,TWSE,2887I,台新新光辛特,9.41,9.43,9.41,9.42,0.01,3013427.0,28381155.0,,,,
2026-05-03,TWSE,2887Z1,台新新光己特,17.5,17.6,17.5,17.6,-0.1,67675.0,1184944.0,,,,
2026-05-03,TWSE,2889,國票金,14.75,14.75,14.5,14.5,-0.25,4341405.0,63340167.0,23.02,1.14,4.07,17
2026-05-03,TWSE,2890,永豐金,31.85,31.9,30.95,30.95,-0.95,38025170.0,1188593367.0,16.91,1.76,4.2,17
2026-05-03,TWSE,2891,中信金,52.7,53.1,52.3,52.3,-0.8,52055563.0,2736606502.0,13.08,2.04,4.78,17
2026-05-03,TWSE,2891B,中信金乙特,64.5,64.6,64.5,64.6,0.0,22602.0,1457423.0,,,,
2026-05-03,TWSE,2891C,中信金丙特,62.2,62.2,61.9,62.2,0.0,41551.0,2582177.0,,,,
2026-05-03,TWSE,2892,第一金,28.3,28.9,28.25,28.85,0.3,79928025.0,2294150909.0,15.43,1.42,4.16,17
2026-05-03,TWSE,2897,王道銀行,10.15,10.15,10.05,10.1,-0.05,4071973.0,41135244.0,16.83,0.69,5.15,17
2026-05-03,TWSE,2897B,王道銀乙特,11.9,11.9,11.9,11.9,0.0,28000.0,333200.0,,,,
2026-05-03,TWSE,2901,欣欣,24.2,24.3,23.95,24.0,-0.2,23607.0,570476.0,63.16,1.98,1.54,18
2026-05-03,TWSE,2903,遠百,22.35,22.45,22.15,22.2,-0.15,2126464.0,47390730.0,14.23,1.01,5.63,18
2026-05-03,TWSE,2904,匯僑,16.2,16.25,16.15,16.25,0.05,45283.0,732793.0,16.58,0.98,4.31,20
2026-05-03,TWSE,2905,三商,13.85,13.85,13.55,13.7,-0.15,501327.0,6843835.0,19.03,0.92,2.19,18
2026-05-03,TWSE,2906,高林,12.45,12.45,12.3,12.4,-0.05,94355.0,1167977.0,26.38,0.78,4.84,18
2026-05-03,TWSE,2908,特力,20.8,20.8,20.6,20.65,-0.15,170151.0,3516938.0,89.78,1.51,2.66,18
2026-05-03,TWSE,2910,統領,21.8,22.0,21.55,21.6,-0.45,15641.0,340293.0,17.56,1.37,4.81,18
2026-05-03,TWSE,2911,麗嬰房,5.2,5.2,5.07,5.1,-0.21,56375.0,288327.0,2.37,0.69,,18
2026-05-03,TWSE,2912,統一超,224.0,226.5,224.0,224.0,-0.5,2596640.0,584625238.0,20.78,5.47,4.02,18
2026-05-03,TWSE,2913,農林,11.45,11.45,11.15,11.25,-0.2,1455098.0,16360946.0,,0.72,,18
2026-05-03,TWSE,2915,潤泰全,44.85,44.9,44.6,44.65,-0.05,1862059.0,83344172.0,4.92,0.46,4.26,18
2026-05-03,TWSE,2923,鼎固-KY,21.6,21.6,21.5,21.5,-0.45,11048.0,237463.0,,0.85,0.56,14
2026-05-03,TWSE,2929,淘帝-KY,5.6,5.64,5.57,5.57,-0.05,237113.0,1329074.0,,0.22,,18
2026-05-03,TWSE,2939,永邑-KY,25.3,25.3,24.8,25.1,-0.4,21009.0,525918.0,,2.03,,18
2026-05-03,TWSE,2945,三商家購,41.5,41.55,41.15,41.15,-0.85,8353.0,344826.0,19.23,1.39,3.65,18
2026-05-03,TWSE,3002,歐格,18.0,18.2,18.0,18.05,-0.15,122421.0,2214130.0,50.14,1.43,1.83,25
2026-05-03,TWSE,3003,健和興,56.4,56.6,54.1,54.7,-0.8,625988.0,34540486.0,55.25,1.31,1.83,28
2026-05-03,TWSE,3004,豐達科,116.5,118.0,115.5,116.5,0.0,191361.0,22273684.0,21.82,2.06,2.19,10
2026-05-03,TWSE,3005,神基,98.3,98.3,97.2,97.6,-0.6,2706964.0,264575556.0,11.62,2.33,6.96,25
2026-05-03,TWSE,3006,晶豪科,179.5,186.0,168.5,169.5,-5.5,26728218.0,4728327826.0,20.15,3.69,0.59,24
2026-05-03,TWSE,3008,大立光,2580.0,2580.0,2515.0,2515.0,-80.0,1185538.0,3011183145.0,15.7,1.78,3.18,26
2026-05-03,TWSE,3010,華立,135.0,135.0,131.5,132.5,-1.0,902400.0,119600412.0,14.99,1.44,4.0,29
2026-05-03,TWSE,3011,今皓,13.7,14.2,13.65,14.05,0.45,835535.0,11758047.0,,1.33,,28
2026-05-03,TWSE,3013,晟銘電,111.0,111.0,104.0,104.5,-7.5,6974143.0,742853544.0,25.93,4.12,0.77,25
2026-05-03,TWSE,3014,聯陽,125.5,126.0,123.5,124.0,0.0,1185680.0,147757281.0,13.43,2.92,6.85,24
2026-05-03,TWSE,3015,全漢,50.0,50.4,49.55,49.6,-0.3,300886.0,14997764.0,24.43,0.79,4.44,28
2026-05-03,TWSE,3016,嘉晶,89.7,89.7,89.7,89.7,8.1,3049701.0,273558056.0,1281.43,5.24,0.56,24
2026-05-03,TWSE,3017,奇鋐,2840.0,2870.0,2805.0,2835.0,0.0,3420271.0,9711527456.0,57.95,24.93,0.74,25
2026-05-03,TWSE,3018,隆銘綠能,10.7,10.7,10.6,10.7,0.0,21630.0,231270.0,,1.43,,31
2026-05-03,TWSE,3019,亞光,141.0,143.0,138.5,138.5,-3.5,6744292.0,948932635.0,20.98,2.6,3.32,26
2026-05-03,TWSE,3021,鴻名,16.75,17.55,16.7,17.2,0.75,459563.0,7856584.0,52.12,1.02,3.49,28
2026-05-03,TWSE,3022,威強電,69.0,71.2,68.7,69.0,0.2,1190558.0,83250490.0,14.9,1.09,5.07,25
2026-05-03,TWSE,3023,信邦,288.0,293.5,282.5,283.5,1.0,2726601.0,781664081.0,22.2,3.89,3.53,28
2026-05-03,TWSE,3024,憶聲,13.2,13.3,12.55,12.7,-0.4,2469122.0,31693926.0,45.36,1.18,1.73,26
2026-05-03,TWSE,3025,星通,61.4,61.8,60.0,60.1,-1.1,387168.0,23540048.0,17.42,3.85,5.32,27
2026-05-03,TWSE,3026,禾伸堂,233.5,233.5,212.5,212.5,-23.5,17109724.0,3736898054.0,32.29,3.47,2.73,28
2026-05-03,TWSE,3027,盛達,18.5,18.7,18.35,18.6,0.1,261074.0,4840649.0,,1.12,,27
2026-05-03,TWSE,3028,增你強,70.6,71.6,68.1,68.3,-2.3,5772057.0,399385787.0,21.68,2.57,4.39,29
2026-05-03,TWSE,3029,零壹,96.6,103.0,96.6,102.0,6.7,4599211.0,460894093.0,15.64,2.96,5.39,30
2026-05-03,TWSE,3030,德律,356.0,358.0,339.5,342.5,-2.0,6994340.0,2438663086.0,32.65,8.42,2.04,31
2026-05-03,TWSE,3031,佰鴻,32.5,33.25,31.1,31.55,-1.25,5958933.0,190535651.0,28.94,1.87,3.17,26
2026-05-03,TWSE,3032,偉訓,62.2,65.1,61.7,64.0,1.8,803247.0,51613562.0,,2.91,4.27,28
2026-05-03,TWSE,3033,威健,36.0,36.0,35.55,35.75,-0.1,3160218.0,112924451.0,19.86,1.6,5.82,29
2026-05-03,TWSE,3034,聯詠,409.5,413.0,407.0,409.0,0.5,2586981.0,1058793719.0,15.22,3.67,5.62,24
2026-05-03,TWSE,3035,智原,170.0,172.5,167.0,168.0,-0.5,9878768.0,1675851186.0,59.79,3.35,1.07,24
2026-05-03,TWSE,3036,文曄,203.0,207.5,202.5,204.0,1.0,4991122.0,1025033303.0,21.07,2.43,3.82,29
2026-05-03,TWSE,3037,欣興,828.0,883.0,815.0,883.0,80.0,34452546.0,29614041091.0,129.85,12.37,0.23,28
2026-05-03,TWSE,3038,全台,23.2,23.2,22.85,22.9,-0.05,305878.0,7018852.0,20.63,1.3,5.24,26
2026-05-03,TWSE,3040,遠見,43.85,43.85,42.85,42.85,-0.95,129828.0,5620799.0,138.23,1.83,8.17,20
2026-05-03,TWSE,3041,揚智,23.7,24.55,23.45,23.5,0.0,1003750.0,24053462.0,,2.34,,24
2026-05-03,TWSE,3042,晶技,160.0,160.0,150.0,153.0,-4.5,2506834.0,391381530.0,28.81,3.27,3.14,28
2026-05-03,TWSE,3043,科風,20.3,20.75,20.3,20.5,0.1,75474.0,1549789.0,,0.98,,31
2026-05-03,TWSE,3044,健鼎,450.0,457.5,446.0,448.5,-5.5,3725592.0,1680068710.0,23.06,4.36,2.83,28
2026-05-03,TWSE,3045,台灣大,111.5,112.0,111.0,111.5,-0.5,7770207.0,867324447.0,23.38,3.92,4.3,27
2026-05-03,TWSE,3046,建碁,48.25,49.0,48.25,48.5,0.25,181625.0,8828468.0,12.09,2.28,6.19,25
2026-05-03,TWSE,3047,訊舟,14.9,14.9,14.45,14.65,-0.15,693262.0,10157791.0,,1.31,2.05,27
2026-05-03,TWSE,3048,益登,38.7,39.85,38.1,38.15,-0.5,1616472.0,62878925.0,18.98,1.84,2.62,29
2026-05-03,TWSE,3049,精金,12.75,12.85,12.1,12.2,-0.4,4763095.0,59058654.0,,1.39,,26
2026-05-03,TWSE,3050,鈺德,12.3,12.3,12.1,12.25,0.0,345415.0,4220122.0,306.25,0.78,2.04,26
2026-05-03,TWSE,3051,力特,27.5,28.8,27.05,28.35,0.9,11137534.0,313387761.0,27.79,1.89,1.76,26
2026-05-03,TWSE,3052,夆典,10.65,10.65,10.6,10.65,-0.05,397233.0,4229253.0,9.68,0.62,5.63,14
2026-05-03,TWSE,3054,立萬利,67.9,68.2,66.0,66.0,-1.3,258503.0,17277369.0,19.47,3.97,1.21,02
2026-05-03,TWSE,3055,蔚華科,80.0,80.0,74.6,78.3,-1.1,2138937.0,166893345.0,,5.36,1.28,29
2026-05-03,TWSE,3056,富華新,14.0,14.0,13.8,13.9,-0.1,1160781.0,16094455.0,12.99,0.76,4.39,14
2026-05-03,TWSE,3057,喬鼎,20.7,22.3,19.8,20.15,-0.55,2376732.0,49080069.0,,2.2,,25
2026-05-03,TWSE,3058,立德,8.68,8.68,8.56,8.58,-0.1,737938.0,6354058.0,,1.12,,28
2026-05-03,TWSE,3059,華晶科,41.0,41.55,40.25,40.3,-0.5,7032257.0,287730548.0,32.76,1.24,2.48,26
2026-05-03,TWSE,3060,銘異,28.0,29.2,27.7,28.05,-0.25,3036479.0,86164162.0,,1.45,0.71,25
2026-05-03,TWSE,3062,建漢,25.6,25.8,24.85,24.9,-0.25,3836018.0,96815155.0,36.62,1.9,,27
2026-05-03,TWSE,3090,日電貿,98.9,99.5,96.0,96.3,-2.1,2407728.0,234355002.0,22.09,2.0,4.98,28
2026-05-03,TWSE,3092,鴻碩,32.75,32.75,32.0,32.0,-0.6,442602.0,14277538.0,,2.38,,28
2026-05-03,TWSE,3094,聯傑,27.05,27.9,26.2,26.2,0.05,1400471.0,37870978.0,109.17,2.12,0.95,24
2026-05-03,TWSE,3130,一零四,222.5,222.5,220.5,221.0,-1.5,31515.0,6965868.0,15.02,4.28,6.65,36
2026-05-03,TWSE,3135,凌航,145.0,146.5,137.5,141.5,-3.0,7369306.0,1043598667.0,24.48,5.14,3.32,24
2026-05-03,TWSE,3138,耀登,154.0,159.0,151.5,152.0,-1.0,1394143.0,215898729.0,99.35,3.66,1.1,27
2026-05-03,TWSE,3149,正達,49.0,49.5,46.8,47.3,-0.4,18968149.0,915945482.0,,4.19,,26
2026-05-03,TWSE,3150,鈺寶-創,19.4,19.4,19.1,19.1,-0.3,34282.0,661644.0,,1.39,2.62,24
2026-05-03,TWSE,3164,景岳,17.8,17.9,17.7,17.7,-0.05,91598.0,1627325.0,26.82,1.14,4.52,22
2026-05-03,TWSE,3167,大量,818.0,894.0,790.0,861.0,47.0,8033647.0,6818682787.0,106.3,22.27,0.46,05
2026-05-03,TWSE,3168,眾福科,43.7,44.9,43.05,43.8,0.25,52174.0,2300882.0,16.47,1.86,6.85,26
2026-05-03,TWSE,3189,景碩,516.0,556.0,510.0,528.0,20.0,49392113.0,26443871028.0,151.29,7.37,0.33,24
2026-05-03,TWSE,3209,全科,50.9,52.8,50.5,52.2,1.1,2968972.0,154764494.0,17.34,2.32,4.79,29
2026-05-03,TWSE,3229,晟鈦,38.8,40.6,38.0,40.05,2.6,772058.0,30618492.0,,4.3,,28
2026-05-03,TWSE,3231,緯創,139.5,140.5,136.0,137.0,-3.5,26873000.0,3707088331.0,15.89,2.45,4.01,25
2026-05-03,TWSE,3257,虹冠電,53.7,54.2,52.8,53.3,-0.4,497799.0,26582011.0,15.58,2.41,5.25,24
2026-05-03,TWSE,3266,昇陽,13.5,13.7,13.35,13.5,-0.1,57999.0,780686.0,23.28,0.75,3.7,14
2026-05-03,TWSE,3296,勝德,19.85,19.85,19.35,19.5,-0.2,130643.0,2563235.0,31.97,1.5,,28
2026-05-03,TWSE,3305,昇貿,110.0,111.5,106.5,108.5,2.0,3017208.0,329063361.0,36.17,2.67,2.12,31
2026-05-03,TWSE,3308,聯德,23.0,23.0,20.65,20.65,-0.6,260912.0,5567910.0,30.37,1.1,,28
2026-05-03,TWSE,3311,閎暉,31.05,31.05,30.55,30.65,-0.4,265551.0,8156759.0,19.77,0.82,1.96,27
2026-05-03,TWSE,3312,弘憶股,41.9,42.3,40.4,40.8,-0.7,1744087.0,71834521.0,25.82,1.91,3.19,29
2026-05-03,TWSE,3321,同泰,15.8,16.25,15.6,16.0,0.1,277033.0,4406964.0,,2.05,,28
2026-05-03,TWSE,3338,泰碩,76.7,77.0,74.1,74.2,-2.4,2338115.0,176534707.0,41.22,3.25,1.75,28
2026-05-03,TWSE,3346,麗清,17.35,17.45,17.1,17.15,-0.2,220999.0,3803391.0,155.91,0.58,0.64,12
2026-05-03,TWSE,3356,奇偶,52.7,54.2,52.6,54.0,1.3,1031097.0,55301665.0,8.7,1.74,6.48,26
2026-05-03,TWSE,3376,新日興,208.0,208.0,202.0,204.0,-1.0,3801517.0,777201725.0,125.15,2.32,2.94,28
2026-05-03,TWSE,3380,明泰,34.4,34.45,33.55,33.6,-0.4,2358642.0,79994410.0,,2.0,1.49,27
2026-05-03,TWSE,3406,玉晶光,513.0,520.0,504.0,509.0,-6.0,938364.0,478656759.0,15.5,2.16,3.34,26
2026-05-03,TWSE,3413,京鼎,313.0,313.5,308.0,309.5,-2.0,847638.0,263599778.0,14.56,2.06,3.55,24
2026-05-03,TWSE,3416,融程電,156.5,161.0,156.0,157.5,2.0,407614.0,64358474.0,21.46,3.59,3.24,25
2026-05-03,TWSE,3419,譁裕,15.9,15.9,15.1,15.1,-0.65,446597.0,6857919.0,,1.89,,27
2026-05-03,TWSE,3432,台端,21.3,21.45,19.4,19.4,-1.9,410498.0,8383993.0,,2.66,,28
2026-05-03,TWSE,3437,榮創,25.05,27.3,24.8,26.55,1.5,8856025.0,234393062.0,,1.87,,26
2026-05-03,TWSE,3443,創意,4180.0,4350.0,4070.0,4260.0,140.0,1038809.0,4367335290.0,151.44,44.21,0.47,24
2026-05-03,TWSE,3447,展達,38.0,38.0,37.15,37.4,-0.2,114725.0,4295732.0,23.52,2.24,2.94,27
2026-05-03,TWSE,3450,聯鈞,304.0,315.0,301.5,302.0,0.0,19563644.0,6012894058.0,60.28,8.69,0.33,24
2026-05-03,TWSE,3481,群創,24.05,24.3,23.65,23.95,0.0,103739940.0,2482917312.0,798.33,0.86,4.18,26
2026-05-03,TWSE,3494,誠研,7.98,7.98,7.75,7.75,-0.23,77923.0,607532.0,,1.27,,25
2026-05-03,TWSE,3501,維熹,47.0,47.2,46.6,46.85,-0.05,152404.0,7130027.0,15.62,0.8,4.27,28
2026-05-03,TWSE,3504,揚明光,65.1,65.9,63.0,63.3,-1.7,764914.0,49004276.0,,2.55,,26
2026-05-03,TWSE,3515,華擎,236.0,237.0,235.0,235.5,0.5,704990.0,166002915.0,15.41,2.43,4.67,25
2026-05-03,TWSE,3518,柏騰,33.4,33.4,32.8,32.8,0.0,905211.0,29997465.0,,2.4,,31
2026-05-03,TWSE,3528,安馳,80.0,80.4,78.9,79.9,-0.1,350233.0,27932807.0,34.74,2.76,1.73,29
2026-05-03,TWSE,3530,晶相光,65.8,66.3,64.2,64.6,-1.0,199842.0,12969498.0,37.13,2.04,1.24,24
2026-05-03,TWSE,3532,台勝科,190.5,199.5,188.0,189.0,7.5,8140774.0,1575087529.0,119.62,2.97,0.53,24
2026-05-03,TWSE,3533,嘉澤,2700.0,2790.0,2615.0,2615.0,-35.0,1133861.0,3038183275.0,37.21,7.61,1.34,28
2026-05-03,TWSE,3535,晶彩科,128.5,131.5,126.0,128.5,2.5,7502571.0,963625931.0,,9.82,0.39,26
2026-05-03,TWSE,3543,州巧,42.4,42.4,40.9,41.2,-0.7,1059560.0,43932481.0,,1.5,1.46,26
2026-05-03,TWSE,3545,敦泰,51.8,51.9,50.1,50.1,-1.0,1005402.0,51052392.0,,1.26,1.6,24
2026-05-03,TWSE,3550,聯穎,20.5,22.7,20.5,21.3,0.6,13846456.0,301624466.0,,1.48,,28
2026-05-03,TWSE,3557,嘉威,31.35,31.35,30.1,30.35,-0.3,97888.0,2984999.0,3035.0,1.03,0.99,38
2026-05-03,TWSE,3563,牧德,880.0,894.0,861.0,873.0,-4.0,1601333.0,1401945851.0,55.25,9.84,1.6,26
2026-05-03,TWSE,3576,聯合再生,15.2,16.25,14.5,16.0,0.85,27163887.0,414679036.0,,2.51,,26
2026-05-03,TWSE,3583,辛耘,788.0,827.0,781.0,792.0,20.0,5424450.0,4374539007.0,57.31,10.5,0.76,24
2026-05-03,TWSE,3588,通嘉,61.4,61.8,60.4,61.2,0.0,549891.0,33577163.0,124.9,2.16,0.82,24
2026-05-03,TWSE,3591,艾笛森,23.4,24.1,23.1,23.35,-0.05,1736135.0,40843804.0,,1.18,3.17,26
2026-05-03,TWSE,3592,瑞鼎,237.5,239.0,234.5,235.0,-1.0,436647.0,103124447.0,12.88,1.55,6.21,24
2026-05-03,TWSE,3593,力銘,19.95,20.0,19.85,19.85,-0.1,80387.0,1604274.0,,4.14,,28
2026-05-03,TWSE,3596,智易,161.5,162.0,159.0,159.0,-2.0,773762.0,123890609.0,12.62,2.07,5.66,27
2026-05-03,TWSE,3605,宏致,86.1,90.7,86.1,87.1,4.6,27731337.0,2458347598.0,21.56,1.8,1.93,28
2026-05-03,TWSE,3607,谷崧,14.6,14.85,14.5,14.55,-0.05,201465.0,2949826.0,727.5,1.01,5.5,28
2026-05-03,TWSE,3617,碩天,191.0,191.0,186.0,186.5,-4.0,165785.0,31175592.0,12.89,1.83,5.36,31
2026-05-03,TWSE,3622,洋華,55.3,56.3,54.8,55.7,0.7,358538.0,20007527.0,9.15,1.08,5.75,26
2026-05-03,TWSE,3645,達邁,102.0,107.0,100.5,104.0,2.0,7814633.0,812979173.0,67.97,4.31,1.15,28
2026-05-03,TWSE,3652,精聯,32.4,32.5,30.3,30.5,-1.55,279213.0,8749341.0,22.76,1.18,3.93,25
2026-05-03,TWSE,3653,健策,5405.0,5435.0,5305.0,5380.0,-65.0,417950.0,2241136445.0,149.61,34.57,0.41,28
2026-05-03,TWSE,3661,世芯-KY,4135.0,4275.0,4130.0,4135.0,130.0,2862609.0,12024572268.0,60.04,8.24,0.83,24
2026-05-03,TWSE,3665,貿聯-KY,2760.0,2815.0,2715.0,2770.0,-10.0,2725883.0,7562069015.0,59.98,11.58,0.54,31
2026-05-03,TWSE,3669,圓展,40.1,41.15,38.95,39.2,0.15,533469.0,21235311.0,34.69,1.1,2.55,27
2026-05-03,TWSE,3673,TPK-KY,60.3,61.5,59.5,60.4,0.1,7159433.0,432259085.0,22.29,0.62,2.98,26
2026-05-03,TWSE,3679,新至陞,122.0,122.0,120.0,120.0,-2.0,40526.0,4891578.0,12.3,1.52,7.5,28
2026-05-03,TWSE,3686,達能,17.5,17.7,17.1,17.2,-0.2,250962.0,4337354.0,,1.97,,24
2026-05-03,TWSE,3694,海華,61.4,61.4,60.1,60.6,0.0,501574.0,30381042.0,15.26,2.56,3.8,27
2026-05-03,TWSE,3701,大眾控,68.7,68.7,65.5,65.8,-2.9,5693564.0,382103504.0,,3.25,0.3,25
2026-05-03,TWSE,3702,大聯大,101.5,102.5,100.0,101.0,-1.0,9514150.0,962769241.0,16.78,2.05,3.17,29
2026-05-03,TWSE,3703,欣陸,20.8,21.0,20.75,20.75,-0.2,769406.0,16032648.0,11.53,0.61,5.06,14
2026-05-03,TWSE,3704,合勤控,33.85,35.45,33.8,34.95,1.15,2802060.0,97590107.0,22.55,1.23,1.14,27
2026-05-03,TWSE,3705,永信,55.7,55.7,55.5,55.6,-0.1,122116.0,6786581.0,16.8,1.82,5.4,22
2026-05-03,TWSE,3706,神達,81.4,82.7,80.9,81.4,0.2,6368901.0,520894848.0,15.81,1.58,4.91,25
2026-05-03,TWSE,3708,上緯投控,116.5,117.5,115.0,116.5,0.0,395138.0,45946719.0,3.11,0.78,5.15,35
2026-05-03,TWSE,3711,日月光投控,490.5,512.0,478.0,478.0,-10.5,36584546.0,18048556588.0,51.45,6.03,1.38,24
2026-05-03,TWSE,3712,永崴投控,20.6,20.6,19.7,19.85,-0.8,753814.0,15104007.0,,1.47,15.11,25
2026-05-03,TWSE,3714,富采,75.0,75.0,72.6,74.1,0.4,10729433.0,792031026.0,,1.32,1.21,26
2026-05-03,TWSE,3715,定穎投控,175.5,178.5,173.0,174.0,-3.5,13277267.0,2322975889.0,65.91,4.57,0.62,28
2026-05-03,TWSE,3716,中化控股,32.4,32.4,31.7,31.7,-0.7,129477.0,4122086.0,15.46,0.61,3.15,22
2026-05-03,TWSE,3717,聯嘉投控,19.75,19.8,19.5,19.5,-0.25,398885.0,7832723.0,243.75,1.26,1.03,12
2026-05-03,TWSE,4104,佳醫,71.9,71.9,71.3,71.4,-0.5,356158.0,25467145.0,15.19,1.33,6.02,22
2026-05-03,TWSE,4106,雃博,22.2,22.3,22.0,22.3,0.1,129731.0,2866068.0,18.58,0.89,4.48,22
2026-05-03,TWSE,4108,懷特,12.3,12.3,12.2,12.25,-0.1,123830.0,1515787.0,,1.3,,22
2026-05-03,TWSE,4119,旭富,48.2,48.2,47.7,47.8,-0.4,149206.0,7146365.0,53.11,1.06,1.57,22
2026-05-03,TWSE,4133,亞諾法,21.8,22.05,21.45,21.6,-0.15,171554.0,3723545.0,,1.04,0.51,22
2026-05-03,TWSE,4137,麗豐-KY,106.5,107.0,105.5,106.5,-0.5,53512.0,5691863.0,14.94,1.66,9.39,22
2026-05-03,TWSE,4142,國光生,17.95,18.05,17.7,17.7,-0.25,817414.0,14586466.0,,1.51,,22
2026-05-03,TWSE,4148,全宇生技-KY,37.3,37.3,36.5,36.8,0.05,47122.0,1734468.0,16.14,0.9,2.72,22
2026-05-03,TWSE,4155,訊映,13.1,13.1,12.95,13.0,0.05,320867.0,4166560.0,22.81,0.75,2.31,22
2026-05-03,TWSE,4164,承業醫,29.5,29.55,28.8,29.05,-0.4,1373729.0,39942270.0,30.58,0.74,3.79,22
2026-05-03,TWSE,4169,泰宗,158.0,162.5,156.0,161.5,3.5,148288.0,23716326.0,504.69,9.04,0.22,22
2026-05-03,TWSE,4178,永笙-KY,18.9,19.3,18.0,19.1,0.0,8215510.0,154565603.0,,2.12,,22
2026-05-03,TWSE,4190,佐登-KY,24.7,25.15,24.6,25.15,0.45,63435.0,1581450.0,,0.92,1.99,22
2026-05-03,TWSE,4306,炎洲,13.3,13.3,13.15,13.2,-0.1,666285.0,8813119.0,50.77,0.68,5.3,03
2026-05-03,TWSE,4414,如興,10.3,10.3,10.1,10.1,-0.2,252924.0,2575371.0,15.78,0.62,1.09,04
2026-05-03,TWSE,4426,利勤,8.43,8.43,8.33,8.34,-0.09,102284.0,855905.0,,0.77,,04
2026-05-03,TWSE,4438,廣越,55.6,56.4,55.6,55.7,-0.9,75371.0,4209439.0,19.61,0.74,4.13,04
2026-05-03,TWSE,4439,冠星-KY,100.0,100.5,97.1,98.1,-0.9,11120.0,1093480.0,12.71,1.11,4.08,04
2026-05-03,TWSE,4440,宜新實業,17.9,18.0,17.85,17.9,-0.1,39190.0,701769.0,15.7,0.91,5.59,04
2026-05-03,TWSE,4441,振大環球,185.0,190.0,184.0,186.5,1.5,55617.0,10415251.0,13.69,1.83,5.79,04
2026-05-03,TWSE,4526,東台,34.55,37.4,34.55,36.75,2.45,23375944.0,859831356.0,20.19,1.93,2.72,05
2026-05-03,TWSE,4532,瑞智,23.15,23.3,22.9,22.9,-0.2,815108.0,18819273.0,10.96,1.07,6.55,05
2026-05-03,TWSE,4536,拓凱,151.5,152.5,149.5,149.5,-2.0,292816.0,44039587.0,10.02,1.44,5.35,37
2026-05-03,TWSE,4540,全球傳動,64.6,69.8,63.8,68.5,5.0,27139619.0,1847937644.0,,2.29,,05
2026-05-03,TWSE,4545,銘鈺,31.15,31.15,30.1,30.2,-0.8,152789.0,4641620.0,177.65,1.22,0.43,28
2026-05-03,TWSE,4551,智伸科,133.0,136.5,132.5,134.0,2.0,667849.0,89560347.0,22.19,1.72,3.13,12
2026-05-03,TWSE,4552,力達-KY,20.05,20.1,20.0,20.0,-0.05,56402.0,1130305.0,9.66,0.37,3.0,05
2026-05-03,TWSE,4555,氣立,40.95,42.85,40.25,40.35,0.85,747792.0,31128068.0,201.75,0.99,1.24,05
2026-05-03,TWSE,4557,永新-KY,49.9,50.2,49.6,49.95,0.05,67366.0,3364689.0,,0.95,4.0,12
2026-05-03,TWSE,4560,強信-KY,36.45,36.65,36.0,36.3,0.4,127100.0,4608345.0,12.02,1.24,4.13,05
2026-05-03,TWSE,4562,穎漢,37.5,38.7,35.85,35.85,-1.4,4959845.0,185153594.0,,3.47,,05
2026-05-03,TWSE,4564,元翎,18.4,18.55,18.2,18.2,-0.25,393375.0,7190677.0,,1.03,,05
2026-05-03,TWSE,4566,時碩工業,65.1,68.9,64.2,67.2,2.6,2119070.0,142277391.0,49.41,1.49,1.01,05
2026-05-03,TWSE,4569,六方科-KY,186.5,192.5,183.5,184.0,-4.5,195625.0,36478313.0,44.23,2.01,1.77,12
2026-05-03,TWSE,4571,鈞興-KY,179.0,182.5,175.5,178.5,1.5,837105.0,150037156.0,18.61,2.93,2.97,05
2026-05-03,TWSE,4572,駐龍,146.0,146.0,144.5,144.5,-1.5,32931.0,4776126.0,48.17,2.86,3.46,05
2026-05-03,TWSE,4576,大銀微系統,198.0,222.0,193.5,222.0,20.0,10276060.0,2189980885.0,110.45,6.48,0.36,05
2026-05-03,TWSE,4581,光隆精密-KY,49.95,49.95,49.5,49.5,-0.2,14040.0,696839.0,10.47,1.37,6.06,12
2026-05-03,TWSE,4583,台灣精銳,751.0,789.0,746.0,764.0,33.0,606202.0,467314987.0,67.02,6.33,1.31,05
2026-05-03,TWSE,4585,達明,308.5,322.5,308.5,312.5,1.0,444381.0,140687349.0,240.38,4.75,0.32,31
2026-05-03,TWSE,4588,玖鼎電力,59.0,59.5,58.0,59.5,0.4,55382.0,3258892.0,18.59,2.75,5.04,31
2026-05-03,TWSE,4590,富田-創,74.5,74.9,72.9,74.3,0.0,196505.0,14491192.0,27.42,1.15,3.1,05
2026-05-03,TWSE,4720,德淵,28.5,28.5,26.25,26.4,-1.95,7817474.0,212817864.0,35.68,1.86,1.52,21
2026-05-03,TWSE,4722,國精化,186.5,193.0,182.5,185.0,-1.5,1469049.0,274501966.0,93.91,5.91,0.65,21
2026-05-03,TWSE,4736,泰博,126.0,126.5,125.0,125.0,-0.5,117404.0,14748595.0,8.27,1.22,4.0,22
2026-05-03,TWSE,4737,華廣,64.7,65.0,62.1,62.1,-0.6,162937.0,10300630.0,,2.39,,22
2026-05-03,TWSE,4739,康普,85.3,86.6,84.3,84.8,-0.4,1986360.0,169521904.0,54.36,1.74,1.18,21
2026-05-03,TWSE,4746,台耀,55.3,55.6,53.7,54.1,-0.9,734653.0,39932610.0,14.74,0.84,5.55,22
2026-05-03,TWSE,4755,三福化,155.5,155.5,148.5,149.0,-7.0,961808.0,145012386.0,40.27,2.85,2.48,21
2026-05-03,TWSE,4763,材料*-KY,43.1,43.3,42.2,42.3,-0.6,6100032.0,259029492.0,6.93,2.1,7.21,21
2026-05-03,TWSE,4764,雙鍵,256.5,267.5,249.5,258.0,11.0,672644.0,172958716.0,211.48,9.44,0.39,21
2026-05-03,TWSE,4766,南寶,370.5,389.0,357.0,358.5,4.5,4668447.0,1756019630.0,17.7,3.13,5.02,21
2026-05-03,TWSE,4770,上品,228.0,228.0,218.0,221.5,-4.0,548747.0,121864526.0,21.72,2.15,2.71,21
2026-05-03,TWSE,4771,望隼,189.5,191.0,188.0,188.5,0.5,81685.0,15443795.0,14.89,2.77,3.71,22
2026-05-03,TWSE,4807,日成-KY,19.1,20.75,18.8,20.75,1.85,873708.0,17590602.0,,1.03,,18
2026-05-03,TWSE,4904,遠傳,96.1,96.6,94.1,94.5,-1.5,6550291.0,620155721.0,24.8,3.7,4.03,27
2026-05-03,TWSE,4906,正文,34.8,35.45,34.2,34.3,0.0,8811509.0,306496785.0,,1.29,1.46,27
2026-05-03,TWSE,4912,聯德控股-KY,80.2,82.2,80.2,81.7,1.6,299841.0,24456126.0,42.55,1.41,1.14,28
2026-05-03,TWSE,4915,致伸,74.0,74.0,73.3,73.3,-0.6,2040637.0,150027929.0,13.14,1.68,6.23,28
2026-05-03,TWSE,4916,事欣科,62.5,62.9,61.6,61.6,-0.9,2561314.0,159294738.0,37.79,2.49,0.81,25
2026-05-03,TWSE,4919,新唐,147.0,150.5,144.0,147.5,3.0,5565647.0,823613004.0,,4.72,0.27,24
2026-05-03,TWSE,4927,泰鼎-KY,56.4,56.4,51.1,52.2,-4.5,41771364.0,2199774640.0,,2.36,,28
2026-05-03,TWSE,4930,燦星網,18.35,18.35,18.2,18.2,-0.15,70263.0,1283944.0,30.33,0.45,3.3,06
2026-05-03,TWSE,4934,太極,15.8,16.0,15.35,15.9,0.25,749463.0,11717789.0,,2.3,,26
2026-05-03,TWSE,4935,茂林-KY,38.55,38.55,37.05,37.5,-0.4,88131.0,3300794.0,27.99,0.61,2.67,26
2026-05-03,TWSE,4938,和碩,81.5,83.3,81.5,82.3,0.3,7456670.0,613720980.0,15.33,1.06,4.86,25
2026-05-03,TWSE,4942,嘉彰,38.1,38.1,37.85,37.9,-0.2,69049.0,2621312.0,12.39,0.59,5.28,26
2026-05-03,TWSE,4943,康控-KY,9.83,9.83,9.35,9.55,0.23,50489.0,479646.0,,6.24,,28
2026-05-03,TWSE,4949,有成精密,102.0,112.5,97.6,105.5,3.0,11337084.0,1229970509.0,55.53,4.3,1.33,26
2026-05-03,TWSE,4952,凌通,46.55,47.55,46.25,46.55,0.0,482564.0,22551768.0,45.19,2.4,2.15,24
2026-05-03,TWSE,4956,光鋐,50.5,50.5,47.15,47.25,-1.8,1867555.0,90721441.0,,2.93,,26
2026-05-03,TWSE,4958,臻鼎-KY,393.0,421.0,393.0,421.0,38.0,46264407.0,19133570403.0,66.3,3.63,0.82,28
2026-05-03,TWSE,4960,誠美材,39.8,39.8,38.0,39.0,0.5,3256872.0,125709337.0,,3.0,,26
2026-05-03,TWSE,4961,天鈺,157.5,159.0,151.5,152.5,-4.5,1415166.0,219210417.0,15.82,1.05,5.06,24
2026-05-03,TWSE,4967,十銓,292.5,293.0,276.0,281.0,-4.5,23915314.0,6811385220.0,21.52,4.92,3.56,24
2026-05-03,TWSE,4968,立積,118.0,120.0,115.5,116.0,-2.0,1218746.0,143282812.0,39.19,3.81,1.38,24
2026-05-03,TWSE,4976,佳凌,29.55,29.55,28.75,29.0,-0.4,218506.0,6366064.0,,1.82,,26
2026-05-03,TWSE,4977,眾達-KY,214.0,224.0,213.0,217.5,7.0,12904404.0,2830199310.0,49.21,4.33,1.03,27
2026-05-03,TWSE,4989,榮科,108.5,114.0,106.0,113.0,6.5,4480946.0,499511439.0,,10.57,,28
2026-05-03,TWSE,4994,傳奇,100.5,100.5,95.6,95.9,-4.1,24616.0,2420473.0,48.93,6.23,3.13,30
2026-05-03,TWSE,4999,鑫禾,21.75,21.8,21.6,21.7,-0.1,43543.0,945021.0,,0.5,1.15,28
2026-05-03,TWSE,5007,三星,57.5,57.8,57.2,57.8,-0.2,49180.0,2825662.0,19.14,2.37,5.19,10
2026-05-03,TWSE,5203,訊連,67.3,68.4,65.4,65.4,1.3,740673.0,49308934.0,17.87,1.08,5.5,30
2026-05-03,TWSE,5215,科嘉-KY,38.0,38.0,37.05,37.4,-0.45,59826.0,2249607.0,18.33,0.68,5.35,25
2026-05-03,TWSE,5222,全訊,133.5,133.5,131.0,131.5,-1.0,368987.0,48716232.0,53.24,4.8,1.9,24
2026-05-03,TWSE,5225,東科-KY,77.4,78.1,76.3,76.6,-0.2,383373.0,29467824.0,8.28,1.93,9.41,31
2026-05-03,TWSE,5234,達興材料,464.0,467.5,440.5,444.5,-17.0,1084762.0,489644588.0,60.31,12.94,1.46,26
2026-05-03,TWSE,5243,乙盛-KY,105.0,109.0,103.0,105.5,2.0,7559104.0,802994226.0,23.98,2.16,2.09,26
2026-05-03,TWSE,5244,弘凱,43.5,43.55,42.1,42.45,-1.35,1621005.0,69520640.0,83.24,1.63,0.94,26
2026-05-03,TWSE,5258,虹堡,48.5,48.9,47.45,47.65,0.05,359697.0,17264962.0,11.24,1.14,2.1,25
2026-05-03,TWSE,5269,祥碩,1310.0,1400.0,1305.0,1365.0,60.0,3282918.0,4487295695.0,18.81,2.82,3.3,24
2026-05-03,TWSE,5283,禾聯碩,53.2,53.2,52.3,52.5,-0.7,150998.0,7950735.0,9.33,0.96,3.81,06
2026-05-03,TWSE,5284,jpp-KY,342.0,349.5,333.5,343.0,6.0,1889281.0,647123722.0,29.34,4.91,1.46,20
2026-05-03,TWSE,5285,界霖,54.4,55.5,54.2,55.0,0.6,196426.0,10740290.0,35.95,1.9,2.73,24
2026-05-03,TWSE,5288,豐祥-KY,171.0,173.5,164.5,166.0,-4.5,331011.0,55829604.0,13.64,1.87,3.92,05
2026-05-03,TWSE,5292,華懋,250.5,250.5,236.0,240.0,-7.0,616447.0,147402031.0,24.17,5.26,2.71,35
2026-05-03,TWSE,5306,桂盟,81.6,82.2,80.8,80.8,-0.9,95347.0,7749871.0,10.55,1.15,4.64,37
2026-05-03,TWSE,5388,中磊,77.5,78.2,76.5,76.5,-0.7,1915989.0,148138418.0,19.08,1.44,3.27,27
2026-05-03,TWSE,5434,崇越,410.0,411.0,404.0,406.0,-2.0,795780.0,323822255.0,18.68,3.9,3.33,29
2026-05-03,TWSE,5469,瀚宇博,84.2,84.2,81.5,82.3,-1.9,5032657.0,416011997.0,13.67,1.1,3.06,28
2026-05-03,TWSE,5471,松翰,42.9,43.0,41.85,42.0,-0.3,667750.0,28294010.0,58.33,2.0,2.38,24
2026-05-03,TWSE,5484,慧友,38.3,39.7,38.05,39.0,1.25,367739.0,14319469.0,,5.27,,26
2026-05-03,TWSE,5515,建國,40.35,40.9,40.15,40.7,0.35,231278.0,9365936.0,9.08,1.56,8.11,14
2026-05-03,TWSE,5519,隆大,32.75,32.75,32.4,32.55,-0.15,271023.0,8816449.0,6.56,1.15,11.67,14
2026-05-03,TWSE,5521,工信,11.4,11.45,11.2,11.35,0.0,3600652.0,40792841.0,21.83,0.99,1.32,14
2026-05-03,TWSE,5522,遠雄,69.4,69.5,68.1,68.8,-0.4,1165825.0,80027530.0,9.23,1.06,7.99,14
2026-05-03,TWSE,5525,順天,23.2,23.5,22.85,23.0,-0.5,102521.0,2362373.0,16.43,1.27,5.22,14
2026-05-03,TWSE,5531,鄉林,8.4,8.4,8.22,8.29,-0.11,842651.0,6968747.0,,0.82,,14
2026-05-03,TWSE,5533,皇鼎,14.25,14.3,14.25,14.3,-0.05,43486.0,620545.0,25.54,0.43,4.2,14
2026-05-03,TWSE,5534,長虹,78.5,78.6,77.8,77.8,-0.6,534623.0,41790552.0,12.97,1.09,7.07,14
2026-05-03,TWSE,5538,東明-KY,31.7,31.8,31.0,31.0,-0.9,38063.0,1191570.0,10.26,0.84,4.84,10
2026-05-03,TWSE,5546,永固-KY,16.7,16.7,16.3,16.5,-0.2,11000.0,181600.0,,0.73,12.12,14
2026-05-03,TWSE,5607,遠雄港,47.0,47.05,46.5,46.5,-0.55,339044.0,15822675.0,16.79,1.56,3.87,15
2026-05-03,TWSE,5608,四維航,15.35,15.55,15.1,15.2,-0.1,971407.0,14831011.0,,0.62,,15
2026-05-03,TWSE,5706,鳳凰,50.9,51.1,50.8,50.9,0.0,154304.0,7856175.0,15.01,2.26,8.84,16
2026-05-03,TWSE,5871,中租-KY,117.5,118.5,115.0,115.5,-3.0,4947482.0,574110621.0,10.86,1.18,5.19,20
2026-05-03,TWSE,5871A,中租-KY甲特,102.0,102.0,102.0,102.0,0.0,66019.0,6733938.0,,,,
2026-05-03,TWSE,5876,上海商銀,38.9,39.05,38.7,39.05,-0.3,12109981.0,470837665.0,12.76,0.92,4.61,17
2026-05-03,TWSE,5880,合庫金,22.95,23.1,22.95,22.95,-0.2,16648364.0,383115950.0,16.88,1.29,4.58,17
2026-05-03,TWSE,5906,台南-KY,49.95,49.95,49.95,49.95,0.45,1109.0,55106.0,50.97,3.01,1.4,18
2026-05-03,TWSE,5907,大洋-KY,5.44,5.57,5.38,5.38,-0.09,205914.0,1124993.0,,0.28,,18
2026-05-03,TWSE,6005,群益證,28.15,28.35,28.0,28.05,-0.05,13405792.0,377092883.0,10.63,1.34,6.1,17
2026-05-03,TWSE,6024,群益期,56.1,56.5,55.7,56.2,0.5,281993.0,15837276.0,10.54,1.35,6.17,17
2026-05-03,TWSE,6108,競國,20.1,20.25,19.1,19.1,-0.9,1300404.0,25497421.0,,0.9,5.24,28
2026-05-03,TWSE,6112,邁達特,45.65,46.6,45.45,45.7,0.0,345898.0,15943421.0,25.11,2.0,3.61,30
2026-05-03,TWSE,6115,鎰勝,47.95,47.95,47.75,47.75,-0.2,182785.0,8734624.0,16.75,1.71,5.86,28
2026-05-03,TWSE,6116,彩晶,8.28,8.28,8.13,8.14,-0.09,11738663.0,95940019.0,,0.68,,26
2026-05-03,TWSE,6117,迎廣,92.0,92.4,88.0,88.1,-2.6,1822425.0,164369877.0,23.56,3.68,2.46,25
2026-05-03,TWSE,6120,達運,13.2,13.25,12.8,12.8,-0.65,3970195.0,51397208.0,,0.87,1.95,26
2026-05-03,TWSE,6128,上福,20.4,20.6,20.35,20.45,0.05,98267.0,2011714.0,,0.94,2.44,25
2026-05-03,TWSE,6133,金橋,22.05,22.5,21.9,22.0,0.0,598203.0,13213704.0,30.56,1.61,4.55,28
2026-05-03,TWSE,6136,富爾特,25.15,25.7,24.95,25.4,0.25,875205.0,22231891.0,28.54,0.92,4.57,27
2026-05-03,TWSE,6139,亞翔,673.0,680.0,666.0,670.0,-1.0,1847143.0,1243529454.0,22.07,8.1,3.43,31
2026-05-03,TWSE,6141,柏承,33.2,33.2,32.35,32.5,0.5,543361.0,17759680.0,,5.53,,28
2026-05-03,TWSE,6142,友勁,8.86,8.98,8.71,8.85,-0.09,652442.0,5763463.0,,1.01,,27
2026-05-03,TWSE,6152,百一,13.9,13.9,13.4,13.5,-0.4,1035855.0,14111443.0,,1.81,,27
2026-05-03,TWSE,6153,嘉聯益,17.8,18.4,17.7,17.95,0.2,3910562.0,70464507.0,,1.25,,28
2026-05-03,TWSE,6155,鈞寶,47.85,48.5,45.8,46.05,-1.8,1462841.0,69079810.0,62.23,2.55,1.74,28
2026-05-03,TWSE,6164,華興,12.55,12.75,12.15,12.3,0.1,778102.0,9671539.0,175.71,1.08,4.07,26
2026-05-03,TWSE,6165,浪凡,54.4,55.0,52.1,53.1,0.9,4788395.0,255903035.0,12.86,2.54,9.42,36
2026-05-03,TWSE,6166,凌華,74.5,76.7,73.8,75.0,0.5,803457.0,60518742.0,31.91,2.91,1.6,25
2026-05-03,TWSE,6168,宏齊,26.8,26.85,25.1,25.1,-1.85,9010392.0,233565956.0,502.0,1.71,,26
2026-05-03,TWSE,6176,瑞儀,100.5,102.0,98.5,99.7,-0.8,12574651.0,1262246020.0,10.64,1.27,3.51,26
2026-05-03,TWSE,6177,達麗,45.9,46.1,45.35,45.5,-0.6,787461.0,35907515.0,11.94,1.95,6.59,14
2026-05-03,TWSE,6183,關貿,92.6,92.6,92.0,92.2,-0.4,20087.0,1853981.0,23.64,4.89,3.85,30
2026-05-03,TWSE,6184,大豐電,46.8,46.9,46.75,46.8,0.1,38433.0,1798800.0,18.5,1.45,6.41,20
2026-05-03,TWSE,6189,豐藝,48.3,48.3,47.45,47.95,-0.1,936803.0,44837281.0,17.56,2.04,5.63,29
2026-05-03,TWSE,6191,精成科,102.0,103.0,97.7,98.4,-4.1,13518354.0,1351811182.0,15.59,1.87,2.64,28
2026-05-03,TWSE,6192,巨路,117.0,117.0,114.0,115.5,-0.5,236306.0,27191736.0,11.48,1.48,5.02,31
2026-05-03,TWSE,6196,帆宣,376.5,385.0,371.5,378.0,1.5,1569919.0,592703835.0,25.54,5.14,1.72,31
2026-05-03,TWSE,6197,佳必琪,207.5,210.0,197.5,208.0,1.5,11773244.0,2409037489.0,23.99,5.06,3.37,28
2026-05-03,TWSE,6201,亞弘電,51.0,51.0,50.4,50.5,-0.5,21453.0,1083817.0,15.35,1.73,6.14,31
2026-05-03,TWSE,6202,盛群,54.2,55.3,53.7,54.2,0.5,2688821.0,146831644.0,82.12,3.1,1.25,24
2026-05-03,TWSE,6205,詮欣,91.7,99.6,84.8,86.5,-5.2,25282851.0,2310391711.0,43.03,2.69,1.73,28
2026-05-03,TWSE,6206,飛捷,106.0,108.0,105.0,108.0,2.0,711118.0,76020089.0,15.65,2.98,5.09,25
2026-05-03,TWSE,6209,今國光,63.9,64.5,62.0,62.3,-0.6,4023722.0,254075548.0,67.72,3.46,0.8,26
2026-05-03,TWSE,6213,聯茂,259.0,273.5,256.5,270.0,16.5,6759580.0,1817003311.0,64.9,4.61,1.11,28
2026-05-03,TWSE,6214,精誠,121.5,122.5,120.0,120.0,-1.5,1286809.0,155565755.0,15.21,1.79,5.0,30
2026-05-03,TWSE,6215,和椿,108.0,116.5,107.5,111.0,4.0,6478341.0,731128737.0,53.37,5.72,0.9,31
2026-05-03,TWSE,6216,居易,24.55,24.65,24.3,24.3,-0.35,221352.0,5414398.0,41.19,1.35,4.24,27
2026-05-03,TWSE,6224,聚鼎,73.0,73.3,69.9,73.3,6.5,1428557.0,103161674.0,109.4,2.84,1.71,28
2026-05-03,TWSE,6225,天瀚,20.15,22.15,20.15,20.45,0.3,37889.0,819818.0,,6.58,,26
2026-05-03,TWSE,6226,光鼎,13.3,13.3,12.35,12.55,-0.75,2065192.0,26312351.0,,1.29,,26
2026-05-03,TWSE,6230,尼得科超眾,161.0,161.0,157.0,159.0,-2.0,133851.0,21318554.0,,2.39,0.14,25
2026-05-03,TWSE,6235,華孚,43.9,44.1,43.15,43.2,-0.65,506340.0,22054354.0,14.9,1.73,2.78,25
2026-05-03,TWSE,6239,力成,205.5,210.5,201.0,203.0,-1.5,26149433.0,5372974387.0,27.1,2.66,2.22,24
2026-05-03,TWSE,6243,迅杰,33.8,34.5,33.5,33.55,0.25,266399.0,9049961.0,,1.98,3.58,24
2026-05-03,TWSE,6257,矽格,178.0,183.0,177.0,180.0,2.5,8903022.0,1605356083.0,29.17,3.96,2.33,24
2026-05-03,TWSE,6269,台郡,64.4,66.0,63.0,65.8,2.1,3144465.0,204368994.0,,0.99,,28
2026-05-03,TWSE,6271,同欣電,174.5,178.0,171.5,173.0,0.0,4262807.0,742591343.0,25.67,1.37,1.73,24
2026-05-03,TWSE,6272,驊陞,32.5,32.95,32.05,32.05,0.2,228686.0,7409334.0,10.47,1.34,6.24,28
2026-05-03,TWSE,6277,宏正,69.7,69.7,68.9,69.2,-0.7,174685.0,12080458.0,22.47,1.71,5.06,25
2026-05-03,TWSE,6278,台表科,175.5,177.5,168.0,168.0,6.5,9459652.0,1640279546.0,19.18,2.18,3.27,26
2026-05-03,TWSE,6281,全國電,50.4,50.4,50.0,50.0,-0.4,118409.0,5932871.0,13.51,1.72,6.6,29
2026-05-03,TWSE,6282,康舒,50.3,50.5,47.2,47.35,-0.65,27008580.0,1309774059.0,263.06,1.79,1.69,28
2026-05-03,TWSE,6283,淳安,21.8,22.2,21.55,21.6,-0.2,138066.0,3011950.0,,1.9,,31
2026-05-03,TWSE,6285,啟碁,214.5,222.5,212.5,216.0,3.0,16699590.0,3649206694.0,34.12,3.05,1.99,27
2026-05-03,TWSE,6405,悅城,50.9,50.9,50.9,50.9,4.6,1948821.0,99194952.0,,1.26,0.2,26
2026-05-03,TWSE,6409,旭隼,776.0,795.0,770.0,772.0,5.0,797864.0,621868429.0,19.23,7.09,4.79,31
2026-05-03,TWSE,6412,群電,79.5,83.4,78.8,81.0,3.3,5158751.0,421526731.0,15.58,2.12,4.57,28
2026-05-03,TWSE,6414,樺漢,318.5,323.0,316.5,322.0,2.5,1251370.0,400507370.0,14.62,1.69,4.35,25
2026-05-03,TWSE,6415,矽力*-KY,401.5,427.0,397.0,427.0,34.0,3525728.0,1473401784.0,66.82,4.44,0.6,24
2026-05-03,TWSE,6416,瑞祺電通,80.6,81.5,80.3,81.0,0.0,193775.0,15699162.0,18.84,1.65,3.46,27
2026-05-03,TWSE,6426,統新,213.0,230.0,213.0,223.5,14.0,4114917.0,930212251.0,,9.52,0.22,27
2026-05-03,TWSE,6431,光麗-KY,19.5,19.95,19.05,19.5,-0.3,74364.0,1434750.0,,3.29,,22
2026-05-03,TWSE,6438,迅得,174.5,177.5,171.0,176.0,2.0,2018191.0,353040095.0,34.04,2.69,2.84,31
2026-05-03,TWSE,6442,光聖,2050.0,2115.0,2050.0,2110.0,105.0,1415842.0,2971765230.0,92.34,24.0,0.56,27
2026-05-03,TWSE,6443,元晶,35.0,35.35,35.0,35.35,0.0,3575462.0,125282648.0,,4.98,,26
2026-05-03,TWSE,6446,藥華藥,648.0,668.0,644.0,661.0,14.0,2252285.0,1487160480.0,48.64,7.67,0.39,22
2026-05-03,TWSE,6449,鈺邦,164.5,165.5,161.0,161.5,-1.0,292926.0,47848274.0,22.65,3.06,2.6,28
2026-05-03,TWSE,6451,訊芯-KY,410.0,431.5,410.0,431.0,33.5,920534.0,392008624.0,1657.69,7.01,0.08,24
2026-05-03,TWSE,6456,GIS-KY,79.9,79.9,76.2,76.2,-2.8,3496425.0,271417511.0,,0.86,,26
2026-05-03,TWSE,6464,台數科,75.0,76.1,73.0,76.1,0.5,56206.0,4226345.0,18.12,1.21,2.27,20
2026-05-03,TWSE,6472,保瑞,418.0,420.5,408.0,408.0,-9.0,840101.0,347335396.0,17.41,3.37,2.45,22
2026-05-03,TWSE,6477,安集,33.5,33.7,32.75,33.4,-0.25,475047.0,15759908.0,1670.0,1.3,1.05,26
2026-05-03,TWSE,6491,晶碩,282.0,283.5,279.5,279.5,-2.0,285523.0,80144626.0,13.39,1.87,3.58,22
2026-05-03,TWSE,6504,南六,39.4,39.5,39.0,39.45,-0.05,32534.0,1276228.0,,0.83,2.53,20
2026-05-03,TWSE,6505,台塑化,55.0,56.7,53.6,56.4,2.4,21140235.0,1174112674.0,54.23,1.51,2.13,23
2026-05-03,TWSE,6515,穎崴,10300.0,10450.0,10120.0,10385.0,200.0,182992.0,1885109745.0,223.72,58.07,0.48,24
2026-05-03,TWSE,6525,捷敏-KY,91.5,93.4,90.0,92.4,1.2,599511.0,54988571.0,15.71,2.54,5.41,24
2026-05-03,TWSE,6526,達發,558.0,562.0,541.0,551.0,3.0,1499748.0,827039629.0,31.81,4.77,2.45,24
2026-05-03,TWSE,6531,愛普*,877.0,902.0,840.0,840.0,20.0,4175617.0,3633620889.0,108.67,11.16,0.83,24
2026-05-03,TWSE,6533,晶心科,228.5,230.5,224.5,228.5,-2.0,757958.0,172176881.0,,2.56,,24
2026-05-03,TWSE,6534,正瀚-創,93.6,94.0,92.5,92.5,-0.9,51652.0,4810080.0,20.51,3.54,5.19,22
2026-05-03,TWSE,6541,泰福-KY,39.7,40.1,39.55,39.6,-0.15,249123.0,9920149.0,,1.84,,22
2026-05-03,TWSE,6550,北極星藥業-KY,17.9,17.95,17.45,17.5,-0.4,536682.0,9480748.0,,2.84,,22
2026-05-03,TWSE,6552,易華電,33.1,35.6,31.7,32.2,-0.65,2515450.0,86079461.0,,1.57,0.62,24
2026-05-03,TWSE,6558,興能高,29.35,29.9,28.8,28.85,-0.45,420895.0,12276833.0,,1.97,1.04,31
2026-05-03,TWSE,6573,虹揚-KY,12.75,12.75,12.55,12.7,-0.05,83366.0,1051231.0,10.33,1.65,,24
2026-05-03,TWSE,6579,研揚,118.0,124.0,117.5,121.5,4.0,510754.0,61948755.0,29.14,2.07,3.09,25
2026-05-03,TWSE,6581,鋼聯,108.5,109.0,107.5,107.5,0.0,26022.0,2815358.0,17.42,2.67,4.93,35
2026-05-03,TWSE,6582,申豐,31.3,31.3,30.25,30.85,-0.35,44204.0,1363022.0,,0.52,3.24,11
2026-05-03,TWSE,6585,鼎基,85.1,85.3,84.2,84.3,-0.8,45919.0,3886335.0,14.97,1.56,5.34,20
2026-05-03,TWSE,6589,台康生技,47.0,47.0,45.0,45.15,-1.95,1238023.0,56354620.0,,1.64,,22
2026-05-03,TWSE,6591,動力-KY,57.5,58.2,57.0,57.0,-0.7,177445.0,10216252.0,11.18,1.04,7.02,25
2026-05-03,TWSE,6592,和潤企業,62.1,62.2,61.2,61.2,-0.9,490930.0,30224364.0,13.1,1.15,5.39,20
2026-05-03,TWSE,6592A,和潤企業甲特,97.3,97.3,97.3,97.3,0.0,17000.0,1654100.0,,,,
2026-05-03,TWSE,6592B,和潤企業乙特,97.5,97.5,97.5,97.5,0.0,20440.0,1992833.0,,,,
2026-05-03,TWSE,6598,ABC-KY,22.2,22.2,21.45,21.45,-0.5,86686.0,1873265.0,,3.43,,22
2026-05-03,TWSE,6605,帝寶,126.5,126.5,124.5,124.5,-1.5,240917.0,30143952.0,8.91,1.04,5.22,12
2026-05-03,TWSE,6606,建德工業,24.4,24.4,23.95,24.1,-0.3,75265.0,1810853.0,22.11,1.64,4.27,05
2026-05-03,TWSE,6614,資拓宏宇,42.5,42.5,41.65,41.7,-1.5,77991.0,3273091.0,21.95,2.09,3.96,36
2026-05-03,TWSE,6625,必應,74.4,74.4,73.0,73.2,-0.5,153373.0,11249037.0,8.31,2.24,6.83,20
2026-05-03,TWSE,6641,基士德-KY,18.4,18.45,18.1,18.15,-0.3,33517.0,611573.0,39.46,0.45,2.2,35
2026-05-03,TWSE,6645,金萬林-創,13.05,13.05,12.9,12.9,-0.15,19089.0,246521.0,,1.59,,22
2026-05-03,TWSE,6655,科定,137.0,138.5,136.5,137.0,-1.0,11021.0,1512381.0,34.95,4.25,8.76,20
2026-05-03,TWSE,6657,華安,41.95,43.65,41.95,42.05,0.1,190417.0,8107253.0,,4.13,,22
2026-05-03,TWSE,6658,聯策,150.0,154.0,142.0,149.5,3.0,2429658.0,359614344.0,109.93,4.14,0.8,31
2026-05-03,TWSE,6666,羅麗芬-KY,41.35,41.35,40.0,40.15,-0.75,25309.0,1022359.0,16.59,1.12,4.98,22
2026-05-03,TWSE,6668,中揚光,33.9,34.45,33.5,34.0,0.1,222589.0,7582439.0,,1.69,,26
2026-05-03,TWSE,6669,緯穎,4925.0,4940.0,4660.0,4675.0,-170.0,2198340.0,10448026410.0,17.0,6.97,3.53,25
2026-05-03,TWSE,6670,復盛應用,253.0,255.0,251.0,251.0,-2.0,252472.0,63851814.0,11.21,2.25,6.37,37
2026-05-03,TWSE,6671,三能-KY,30.0,30.0,29.45,29.5,-0.7,17583.0,521640.0,12.45,1.02,4.07,38
2026-05-03,TWSE,6672,騰輝電子-KY,208.0,227.0,206.0,219.0,11.0,12796191.0,2774982301.0,45.15,4.38,1.53,28
2026-05-03,TWSE,6674,鋐寶科技,19.1,19.1,18.65,18.65,-0.25,13115.0,246037.0,,1.4,,27
2026-05-03,TWSE,6689,伊雲谷,69.0,69.5,68.6,68.6,-0.5,216513.0,14925847.0,29.7,1.57,2.92,36
2026-05-03,TWSE,6691,洋基工程,638.0,638.0,630.0,631.0,-5.0,319688.0,202602095.0,25.49,10.02,3.49,31
2026-05-03,TWSE,6695,芯鼎,46.3,49.95,46.0,46.5,1.0,6236826.0,296059954.0,,2.88,,24
2026-05-03,TWSE,6698,旭暉應材,30.9,31.1,30.7,30.85,0.25,166627.0,5150938.0,,1.88,1.62,31
2026-05-03,TWSE,6706,惠特,151.5,160.0,150.5,151.5,4.5,21234654.0,3291934109.0,,3.1,,26
2026-05-03,TWSE,6715,嘉基,387.0,407.0,379.0,400.5,29.5,1572137.0,624829230.0,222.5,7.68,0.5,28
2026-05-03,TWSE,6719,力智,172.5,172.5,170.0,170.0,-1.5,231499.0,39642382.0,25.88,1.27,2.71,24
2026-05-03,TWSE,6722,輝創,40.0,40.0,38.5,39.9,-0.1,83268.0,3280578.0,13.76,1.42,5.01,31
2026-05-03,TWSE,6742,澤米,38.8,40.25,38.8,39.1,-0.45,244882.0,9653095.0,,2.19,0.77,26
2026-05-03,TWSE,6743,安普新,30.8,31.45,29.7,29.7,-1.0,1972398.0,60154475.0,41.83,1.64,10.1,31
2026-05-03,TWSE,6753,龍德造船,138.5,138.5,136.0,136.0,-2.0,349670.0,47758558.0,23.33,3.4,0.92,15
2026-05-03,TWSE,6754,匯僑設計,46.6,46.75,46.0,46.0,-0.6,6470.0,299771.0,13.49,1.3,7.61,38
2026-05-03,TWSE,6756,威鋒電子,83.9,87.7,83.9,84.6,1.8,544899.0,46769894.0,76.22,2.06,1.06,24
2026-05-03,TWSE,6757,台灣虎航,49.6,49.85,49.1,49.65,0.05,798930.0,39642429.0,9.25,3.12,4.87,15
2026-05-03,TWSE,6768,志強-KY,77.6,78.8,76.5,78.1,0.8,541083.0,42207329.0,11.55,1.04,6.61,37
2026-05-03,TWSE,6770,力積電,53.9,54.0,51.8,51.9,-1.6,94428431.0,4962186525.0,29.32,2.28,,24
2026-05-03,TWSE,6771,平和環保-創,44.95,44.95,44.4,44.4,0.0,16724.0,746901.0,12.2,1.57,7.21,35
2026-05-03,TWSE,6776,展碁國際,57.5,57.7,56.5,56.7,-0.8,434679.0,24783646.0,15.0,1.85,5.29,29
2026-05-03,TWSE,6781,AES-KY,1125.0,1160.0,1100.0,1105.0,-25.0,1492056.0,1671858950.0,28.93,5.62,1.73,28
2026-05-03,TWSE,6782,視陽,221.0,227.0,219.0,226.5,6.5,373965.0,83942516.0,16.09,3.23,3.71,22
2026-05-03,TWSE,6789,采鈺,555.0,591.0,555.0,576.0,21.0,11807099.0,6771418853.0,144.0,9.95,0.52,24
2026-05-03,TWSE,6790,永豐實,39.55,39.9,39.4,39.6,0.0,145228.0,5747128.0,13.07,1.83,6.69,09
2026-05-03,TWSE,6792,詠業,58.0,58.9,57.5,57.6,-1.0,37446.0,2172405.0,25.83,1.77,4.34,27
2026-05-03,TWSE,6794,向榮生技,83.1,83.1,81.0,81.5,0.2,19000.0,1550400.0,,5.99,,22
2026-05-03,TWSE,6796,晉弘,69.9,70.0,69.3,69.5,-0.7,39651.0,2763107.0,347.5,3.57,0.36,22
2026-05-03,TWSE,6799,來頡,89.0,90.7,87.2,88.0,-1.5,300123.0,26618300.0,24.24,2.4,2.84,24
2026-05-03,TWSE,6805,富世達,2080.0,2115.0,1995.0,2070.0,0.0,1768168.0,3630504030.0,66.77,19.73,0.6,28
2026-05-03,TWSE,6806,森崴能源,23.7,23.95,22.5,22.65,-1.15,453775.0,10429870.0,,4.43,5.43,35
2026-05-03,TWSE,6807,峰源-KY,36.75,37.0,36.5,36.9,0.3,13309.0,488725.0,7.87,0.76,6.78,38
2026-05-03,TWSE,6830,汎銓,827.0,850.0,827.0,850.0,77.0,1495241.0,1264437458.0,,14.48,0.12,31
2026-05-03,TWSE,6831,邁科,470.0,496.5,470.0,474.5,13.5,1545922.0,745924735.0,106.63,11.37,0.63,25
2026-05-03,TWSE,6834,天二科技,38.2,39.0,37.2,37.6,-0.6,410802.0,15561362.0,75.2,2.32,1.06,28
2026-05-03,TWSE,6835,圓裕,39.3,40.5,37.4,37.95,-1.85,904767.0,35285496.0,39.12,1.35,2.64,28
2026-05-03,TWSE,6838,台新藥,27.85,28.1,27.2,27.9,0.1,155436.0,4282864.0,,2.89,,22
2026-05-03,TWSE,6854,錼創科技-KY創,155.5,160.0,154.5,155.5,0.5,491639.0,76996401.0,,4.7,,24
2026-05-03,TWSE,6861,睿生光電,305.0,328.0,305.0,328.0,28.5,612788.0,197401212.0,85.64,9.37,0.61,22
2026-05-03,TWSE,6862,三集瑞-KY,172.0,174.0,169.5,170.0,-2.0,231968.0,39693243.0,20.51,2.85,2.94,28
2026-05-03,TWSE,6863,永道-KY,99.9,104.0,99.9,101.5,1.9,96492.0,9866086.0,33.83,1.28,1.48,27
2026-05-03,TWSE,6869,雲豹能源,82.6,84.3,82.2,84.0,1.5,522367.0,43661649.0,,2.31,2.38,35
2026-05-03,TWSE,6873,泓德能源,88.0,89.3,86.9,89.2,1.4,316605.0,28023089.0,25.27,1.22,2.8,35
2026-05-03,TWSE,6885,全福生技,23.1,23.3,22.85,22.95,-0.05,164968.0,3799247.0,,1.85,,22
2026-05-03,TWSE,6887,寶綠特-KY,38.95,39.0,37.25,37.95,-0.9,26465.0,1018071.0,8.45,0.96,6.38,35
2026-05-03,TWSE,6890,來億-KY,158.0,160.5,155.5,156.5,-0.5,344612.0,54208771.0,12.02,1.62,5.75,37
2026-05-03,TWSE,6901,鑽石投資,13.85,14.2,13.6,13.65,-0.2,652683.0,9014728.0,,1.26,,20
2026-05-03,TWSE,6902,GOGOLOOK,111.0,111.0,101.5,102.5,-9.0,599327.0,62447179.0,67.43,5.18,,36
2026-05-03,TWSE,6906,現觀科,63.2,63.2,61.6,61.8,-0.9,84482.0,5233869.0,32.53,2.74,2.91,36
2026-05-03,TWSE,6908,宏碁遊戲-創,39.8,40.2,39.5,40.2,1.2,40524.0,1618138.0,27.92,1.21,3.08,29
2026-05-03,TWSE,6909,創控,59.4,63.5,58.3,61.6,3.1,2629454.0,159720897.0,64.17,3.86,1.62,24
2026-05-03,TWSE,6914,阜爾運通,146.0,147.0,145.0,145.0,-1.5,117070.0,17068500.0,15.1,2.6,5.52,20
2026-05-03,TWSE,6916,華凌,19.15,19.15,18.75,18.75,-0.4,28018.0,528932.0,,1.22,1.49,26
2026-05-03,TWSE,6918,愛派司,74.3,74.3,73.7,73.7,-0.6,44012.0,3249097.0,14.86,1.99,6.78,22
2026-05-03,TWSE,6919,康霈*,118.5,119.0,104.0,104.0,-7.0,17462691.0,1949468976.0,,17.28,,22
2026-05-03,TWSE,6921,嘉雨思-創,93.3,93.3,91.1,91.5,-1.7,49590.0,4543980.0,269.12,10.11,,24
2026-05-03,TWSE,6923,中台,85.8,86.5,85.2,85.5,-0.7,238683.0,20479895.0,28.13,3.01,3.51,35
2026-05-03,TWSE,6924,榮惠-KY創,88.3,89.0,88.0,88.9,-0.9,10088.0,892607.0,15.49,3.19,5.62,28
2026-05-03,TWSE,6928,攸泰科技,47.45,47.45,45.8,46.7,-0.9,50198.0,2343125.0,,1.97,1.07,25
2026-05-03,TWSE,6931,青松健康,48.05,48.05,46.45,46.8,-1.55,326025.0,15322198.0,33.67,2.71,1.03,22
2026-05-03,TWSE,6933,AMAX-KY,165.0,166.5,163.5,164.5,0.0,156132.0,25751673.0,32.7,3.04,1.52,25
2026-05-03,TWSE,6934,心誠鎂,84.9,85.0,83.4,83.7,-0.5,104043.0,8777836.0,,9.52,,22
2026-05-03,TWSE,6936,永鴻生技,34.55,34.8,34.25,34.3,-0.35,33279.0,1146992.0,19.38,1.85,4.4,22
2026-05-03,TWSE,6937,天虹,306.0,331.0,304.0,331.0,30.0,2855856.0,927269009.0,109.97,6.47,0.42,24
2026-05-03,TWSE,6944,兆聯實業,904.0,918.0,888.0,903.0,0.0,727121.0,656472537.0,29.2,8.63,2.21,35
2026-05-03,TWSE,6949,沛爾生醫-創,778.0,792.0,771.0,771.0,-16.0,74557.0,57996413.0,,32.89,,22
2026-05-03,TWSE,6951,青新-創,81.0,81.3,79.8,81.1,-0.7,56196.0,4530545.0,15.07,3.25,6.54,35
2026-05-03,TWSE,6952,大武山,37.4,37.4,36.65,36.95,-0.45,16122.0,597579.0,,1.74,5.41,20
2026-05-03,TWSE,6955,邦睿生技-創,167.0,167.5,165.0,166.5,-0.5,17000.0,2827500.0,40.31,6.44,1.8,22
2026-05-03,TWSE,6957,裕慶-KY,159.5,163.5,159.5,160.5,2.5,60710.0,9784436.0,15.69,3.33,5.61,20
2026-05-03,TWSE,6958,日盛台駿,20.0,20.3,19.75,19.9,0.1,145694.0,2916588.0,,0.87,,20
2026-05-03,TWSE,6958A,日盛台駿甲特,18.4,18.4,18.4,18.4,0.0,6000.0,110400.0,,,,
2026-05-03,TWSE,6962,奕力-KY,34.7,35.45,33.95,34.0,-0.75,3119280.0,107799102.0,12.27,0.84,2.94,24
2026-05-03,TWSE,6965,中傑-KY,87.0,87.2,84.7,87.0,0.1,48507.0,4175462.0,25.36,1.13,5.75,37
2026-05-03,TWSE,6969,成信實業*-創,28.6,28.6,28.15,28.5,-0.05,76052.0,2152136.0,,3.35,,35
2026-05-03,TWSE,6988,威力暘-創,13.6,13.8,13.5,13.6,0.1,45000.0,612900.0,,0.89,3.31,12
2026-05-03,TWSE,6994,富威電力,63.5,64.4,63.5,63.9,0.4,210802.0,13460705.0,10.22,1.81,4.69,35
2026-05-03,TWSE,7610,聯友金屬-創,643.0,658.0,640.0,640.0,2.0,291338.0,188761183.0,128.77,19.49,0.39,35
2026-05-03,TWSE,7631,聚賢研發-創,127.0,127.0,124.5,125.0,-2.0,29609.0,3721278.0,19.9,2.99,2.99,31
2026-05-03,TWSE,7705,三商餐飲,33.25,33.25,32.9,32.9,-0.35,57856.0,1913308.0,17.14,1.41,4.86,16
2026-05-03,TWSE,7711,永擎,401.5,415.0,401.5,407.0,-8.0,315285.0,129368914.0,36.34,6.15,2.21,25
2026-05-03,TWSE,7721,微程式,72.8,78.1,71.1,78.1,7.1,945191.0,71862961.0,150.19,3.34,1.28,36
2026-05-03,TWSE,7722,LINEPAY,281.5,288.0,281.0,281.5,-0.5,137553.0,39123557.0,37.73,1.77,0.71,36
2026-05-03,TWSE,7730,暉盛-創,163.5,164.5,161.5,162.0,-3.0,23127.0,3761724.0,98.78,6.01,0.93,24
2026-05-03,TWSE,7732,金興精密,35.6,36.75,35.6,36.75,1.15,4128.0,149301.0,20.88,1.28,4.08,12
2026-05-03,TWSE,7736,虎山,78.8,79.0,76.5,76.9,-1.8,41235.0,3181558.0,15.54,1.6,4.94,12
2026-05-03,TWSE,7740,熙特爾-創,184.0,190.5,177.5,190.0,9.0,227066.0,41815012.0,39.83,7.99,1.75,35
2026-05-03,TWSE,7749,意騰-KY,415.0,434.0,412.5,426.0,12.5,260017.0,110737533.0,38.27,5.29,2.11,24
2026-05-03,TWSE,7750,新代,2475.0,2630.0,2355.0,2575.0,175.0,776110.0,1960675960.0,80.92,16.25,0.62,05
2026-05-03,TWSE,7760,享溫馨,35.0,35.05,33.1,35.05,0.05,365191.0,12533097.0,59.41,1.05,6.28,16
2026-05-03,TWSE,7765,中華資安,224.5,228.0,224.5,226.5,2.5,68913.0,15635442.0,20.42,4.19,4.27,36
2026-05-03,TWSE,7769,鴻勁,5270.0,5285.0,4945.0,4945.0,-275.0,1413854.0,7136745695.0,71.97,15.33,1.31,24
2026-05-03,TWSE,7780,大研生醫*,19.0,19.0,18.5,18.5,-0.2,1622028.0,30316985.0,44.05,2.75,3.78,02
2026-05-03,TWSE,7786,東方風能,133.5,143.0,133.5,139.5,6.5,447728.0,62067365.0,13.84,2.49,4.01,35
2026-05-03,TWSE,7788,松川精密,172.5,173.0,166.0,166.5,-6.5,312957.0,52951319.0,49.26,2.24,1.2,28
2026-05-03,TWSE,7791,皇家可口,64.8,64.9,64.7,64.8,0.1,36562.0,2369637.0,12.86,1.43,5.88,02
2026-05-03,TWSE,7795,長廣,410.0,416.5,393.0,403.0,-5.0,424977.0,170856451.0,129.58,17.96,0.53,28
2026-05-03,TWSE,7799,禾榮科,385.0,385.0,371.0,371.0,-11.0,251865.0,94608035.0,,5.15,,22
2026-05-03,TWSE,7821,神數,48.1,48.75,46.5,47.7,-0.3,572314.0,27164057.0,15.95,2.41,4.19,12
2026-05-03,TWSE,7822,倍利科,1315.0,1340.0,1270.0,1295.0,-20.0,306322.0,395788160.0,92.5,52.86,0.54,24
2026-05-03,TWSE,7823,奧義賽博-KY創,81.5,83.2,81.5,82.6,1.7,38833.0,3205185.0,,8.5,,36
2026-05-03,TWSE,8011,台通,20.0,20.0,19.35,19.35,-0.15,2157377.0,42496344.0,14.88,0.99,3.62,27
2026-05-03,TWSE,8016,矽創,229.5,233.0,227.0,230.0,1.5,1706576.0,393345937.0,15.59,2.22,5.0,24
2026-05-03,TWSE,8021,尖點,391.0,409.0,390.0,402.5,19.5,1827861.0,724773055.0,146.9,11.86,0.5,31
2026-05-03,TWSE,8028,昇陽半導體,245.0,255.0,240.0,245.0,-1.0,18660316.0,4615058214.0,56.71,8.41,1.14,24
2026-05-03,TWSE,8033,雷虎,143.0,144.5,142.5,144.0,1.0,1443532.0,207490468.0,252.63,11.67,,20
2026-05-03,TWSE,8039,台虹,140.0,143.5,136.0,136.5,-3.0,7980671.0,1115269283.0,57.59,3.4,1.47,28
2026-05-03,TWSE,8045,達運光電,73.4,74.0,73.0,73.3,-0.5,177370.0,12993426.0,114.53,3.46,1.36,27
2026-05-03,TWSE,8046,南電,935.0,1005.0,926.0,1005.0,89.0,20919397.0,20404302208.0,333.89,14.08,0.2,28
2026-05-03,TWSE,8070,長華*,47.2,48.3,46.7,47.95,1.1,2918838.0,139159593.0,47.01,1.88,5.65,29
2026-05-03,TWSE,8072,陞泰,27.9,28.15,27.4,27.45,-0.35,121693.0,3364375.0,24.73,0.96,3.64,29
2026-05-03,TWSE,8081,致新,250.0,258.0,248.0,251.5,1.5,806920.0,204702059.0,14.15,2.65,6.36,24
2026-05-03,TWSE,8101,華冠,13.1,13.1,12.35,12.4,-0.1,13758.0,171655.0,,2.38,,27
2026-05-03,TWSE,8103,瀚荃,132.0,136.5,124.0,125.0,0.5,6612778.0,860752345.0,28.34,2.53,2.24,28
2026-05-03,TWSE,8104,錸寶,34.3,34.3,33.05,33.25,-0.4,862379.0,28936231.0,,1.23,0.6,26
2026-05-03,TWSE,8105,凌巨,13.5,13.6,13.2,13.3,-0.2,919832.0,12338934.0,,0.75,,26
2026-05-03,TWSE,8110,華東,46.6,46.75,44.8,44.85,-1.65,8145314.0,369842305.0,18.31,1.87,3.34,24
2026-05-03,TWSE,8112,至上,85.4,85.8,81.4,81.7,-3.0,15012313.0,1243828556.0,16.85,2.36,4.65,29
2026-05-03,TWSE,8112A,至上甲特,46.25,46.3,46.25,46.3,0.0,16068.0,743338.0,,,,
2026-05-03,TWSE,8114,振樺電,184.0,185.0,182.0,184.0,0.0,430995.0,79039999.0,9.95,1.92,6.23,25
2026-05-03,TWSE,8131,福懋科,64.7,65.2,60.4,60.8,-3.3,6622739.0,411004962.0,44.71,2.2,1.64,24
2026-05-03,TWSE,8150,南茂,67.3,73.5,67.2,69.8,2.8,32774904.0,2320661928.0,98.31,2.03,1.76,24
2026-05-03,TWSE,8162,微矽電子-創,53.5,53.7,50.4,50.7,-2.8,1417562.0,73622142.0,32.29,2.35,2.96,24
2026-05-03,TWSE,8163,達方,26.8,27.05,26.6,26.65,-0.1,862704.0,23069000.0,52.25,0.73,1.88,25
2026-05-03,TWSE,8201,無敵,13.0,13.0,12.7,12.8,-0.05,28763.0,368260.0,,1.73,,31
2026-05-03,TWSE,8210,勤誠,1150.0,1155.0,1110.0,1130.0,10.0,2256259.0,2567789870.0,39.79,13.01,1.24,25
2026-05-03,TWSE,8213,志超,37.0,37.0,36.1,36.25,-0.45,536355.0,19534744.0,15.97,0.61,3.14,28
2026-05-03,TWSE,8215,明基材,26.25,27.1,25.4,25.85,-0.2,2536027.0,66605608.0,,1.62,1.16,26
2026-05-03,TWSE,8222,寶一,35.3,35.6,35.1,35.1,0.0,294852.0,10425576.0,63.82,2.67,1.0,05
2026-05-03,TWSE,8249,菱光,49.75,50.8,49.35,49.45,0.5,755111.0,37655435.0,15.55,0.88,4.25,28
2026-05-03,TWSE,8261,富鼎,119.0,121.0,117.0,118.5,-0.5,1706622.0,202604558.0,20.29,2.3,4.22,24
2026-05-03,TWSE,8271,宇瞻,225.0,225.0,220.0,220.0,2.0,893470.0,197229903.0,10.72,4.46,2.05,24
2026-05-03,TWSE,8341,日友,75.2,75.2,74.6,74.7,-0.1,163846.0,12265146.0,16.67,1.83,5.35,35
2026-05-03,TWSE,8367,建新國際,42.45,42.45,42.2,42.2,-0.25,44685.0,1892925.0,11.11,1.13,6.75,15
2026-05-03,TWSE,8374,羅昇,82.4,86.7,82.4,84.3,1.0,1534212.0,130969417.0,,4.8,0.24,05
2026-05-03,TWSE,8404,百和興業-KY,17.0,17.1,16.8,16.8,-0.2,200741.0,3394652.0,11.75,0.98,2.98,20
2026-05-03,TWSE,8411,福貞-KY,12.15,12.25,12.05,12.25,0.0,55883.0,680291.0,,0.46,0.82,20
2026-05-03,TWSE,8422,可寧衛*,27.9,28.4,27.75,27.75,-0.1,6252402.0,174914906.0,21.68,3.73,4.32,35
2026-05-03,TWSE,8429,金麗-KY,6.78,6.78,6.55,6.58,-0.04,262313.0,1745157.0,54.83,0.19,,18
2026-05-03,TWSE,8438,昶昕,90.4,90.4,88.1,88.3,-0.6,234780.0,20855699.0,42.05,3.22,1.47,35
2026-05-03,TWSE,8442,威宏-KY,50.5,50.5,49.95,50.0,-0.1,26112.0,1311503.0,12.22,0.93,6.0,20
2026-05-03,TWSE,8443,阿瘦,11.8,11.85,11.75,11.85,-0.1,45441.0,535217.0,,1.19,1.69,18
2026-05-03,TWSE,8454,富邦媒,171.0,171.5,170.0,170.5,-2.0,395543.0,67582143.0,15.1,4.65,5.87,36
2026-05-03,TWSE,8462,柏文,151.0,152.0,148.5,149.0,-0.5,81881.0,12257721.0,17.74,5.0,4.95,37
2026-05-03,TWSE,8463,潤泰材,22.2,22.45,22.2,22.25,-0.05,27007.0,603161.0,12.03,1.35,3.6,20
2026-05-03,TWSE,8464,億豐,350.0,354.0,343.5,351.0,-0.5,914895.0,320100072.0,15.58,3.43,4.56,38
2026-05-03,TWSE,8466,美吉吉-KY,16.0,16.2,15.85,15.85,-0.2,31689.0,508725.0,,0.42,1.89,20
2026-05-03,TWSE,8467,波力-KY,148.5,148.5,146.0,146.5,-2.0,15468.0,2269289.0,14.38,2.55,4.82,37
2026-05-03,TWSE,8473,山林水,36.5,36.5,35.65,35.9,-0.4,798864.0,28691400.0,14.08,0.95,5.24,35
2026-05-03,TWSE,8476,台境*,17.75,17.8,17.45,17.45,-0.2,264789.0,4659414.0,32.92,1.56,1.15,35
2026-05-03,TWSE,8478,東哥遊艇,171.0,171.0,167.5,168.5,-2.5,125939.0,21257137.0,12.72,1.75,3.86,37
2026-05-03,TWSE,8481,政伸,41.7,41.7,40.9,40.9,-0.6,29244.0,1200504.0,12.58,1.56,6.72,20
2026-05-03,TWSE,8482,商億-KY,49.5,49.5,48.35,49.45,-0.05,4049.0,198505.0,21.41,1.69,3.96,38
2026-05-03,TWSE,8487,愛爾達-創,77.5,77.9,76.7,77.1,-0.4,79546.0,6133728.0,19.13,3.05,6.24,36
2026-05-03,TWSE,8488,吉源-KY,9.99,10.3,9.98,10.3,0.2,29000.0,292060.0,,0.32,,20
2026-05-03,TWSE,8499,鼎炫-KY,264.5,264.5,255.0,256.5,-3.5,81454.0,21060153.0,25.27,1.29,3.12,31
2026-05-03,TWSE,8926,台汽電,45.15,45.25,44.15,44.4,-0.75,2019927.0,89938432.0,18.12,2.06,5.43,23
2026-05-03,TWSE,8940,新天地,17.3,17.55,17.15,17.5,0.1,55455.0,961732.0,31.82,1.55,,16
2026-05-03,TWSE,8996,高力,1195.0,1250.0,1175.0,1250.0,110.0,3576601.0,4398830330.0,138.58,27.55,0.36,05
2026-05-03,TWSE,9103,美德醫療-DR,4.7,4.76,4.67,4.69,-0.01,441031.0,2080332.0,,,,91
2026-05-03,TWSE,910322,康師傅-DR,25.05,25.05,24.4,24.5,-0.8,11721.0,288255.0,,,,91
2026-05-03,TWSE,9105,泰金寶-DR,5.98,6.0,5.86,5.86,-0.15,16208467.0,95850264.0,,,,91
2026-05-03,TWSE,910861,神州-DR,4.1,4.1,4.0,4.04,0.01,401000.0,1619580.0,,,,91
2026-05-03,TWSE,9110,越南控-DR,2.84,2.96,2.83,2.85,-0.11,21000.0,59800.0,,,,91
2026-05-03,TWSE,911608,明輝-DR,2.75,2.79,2.74,2.75,-0.04,34066.0,94152.0,,,,91
2026-05-03,TWSE,911622,泰聚亨-DR,3.55,3.66,3.55,3.63,0.01,9006.0,32430.0,,,,91
2026-05-03,TWSE,911868,同方友友-DR,1.23,1.25,1.23,1.25,0.01,289112.0,357558.0,,,,91
2026-05-03,TWSE,912000,晨訊科-DR,2.49,2.5,2.45,2.49,-0.01,209085.0,517928.0,,,,91
2026-05-03,TWSE,9136,巨騰-DR,,,,,0.0,,,,,,91
2026-05-03,TWSE,9802,鈺齊-KY,77.7,78.3,76.6,77.5,0.2,856169.0,66417965.0,12.83,1.13,6.58,37
2026-05-03,TWSE,9902,台火,14.4,14.95,14.4,14.65,0.1,148970.0,2182946.0,,1.2,2.05,20
2026-05-03,TWSE,9904,寶成,25.9,26.3,25.75,25.75,-0.1,12978022.0,336361335.0,6.28,0.54,5.05,37
2026-05-03,TWSE,9905,大華,21.4,21.4,21.3,21.35,-0.05,80597.0,1720384.0,16.42,0.8,5.15,20
2026-05-03,TWSE,9906,欣巴巴,38.15,38.65,37.85,38.25,-0.05,94168.0,3595480.0,425.0,2.57,0.21,14
2026-05-03,TWSE,9907,統一實,17.7,17.75,17.55,17.55,-0.15,3693661.0,65117705.0,12.9,1.3,6.72,20
2026-05-03,TWSE,9908,大台北,29.65,29.7,29.55,29.6,-0.2,228266.0,6754909.0,17.21,1.05,4.05,23
2026-05-03,TWSE,9910,豐泰,70.5,71.4,70.1,70.1,-0.7,1422803.0,100274234.0,13.75,2.68,5.85,37
2026-05-03,TWSE,9911,櫻花,82.2,83.2,82.2,83.2,1.0,337952.0,28008668.0,13.33,2.65,6.01,38
2026-05-03,TWSE,9912,偉聯,12.4,12.75,12.4,12.75,0.15,228281.0,2869557.0,,1.78,,25
2026-05-03,TWSE,9914,美利達,57.7,59.0,57.5,57.9,0.0,1026952.0,59753467.0,14.44,0.89,4.84,37
2026-05-03,TWSE,9917,中保科,114.0,114.0,112.5,113.0,-1.5,459676.0,52009886.0,16.69,3.68,5.49,20
2026-05-03,TWSE,9918,欣天然,43.3,43.5,42.8,43.25,0.25,88488.0,3822176.0,26.86,2.32,3.47,23
2026-05-03,TWSE,9919,康那香,14.5,14.5,14.1,14.25,-0.15,331149.0,4715353.0,,1.32,1.4,20
2026-05-03,TWSE,9921,巨大,67.0,69.3,66.9,67.4,1.0,3042654.0,207041348.0,36.63,0.78,2.67,37
2026-05-03,TWSE,9924,福興,44.1,44.15,43.8,43.95,-0.15,88121.0,3870653.0,12.42,0.94,5.69,38
2026-05-03,TWSE,9925,新保,40.45,40.45,40.25,40.3,0.0,206187.0,8312746.0,17.0,1.19,4.96,20
2026-05-03,TWSE,9926,新海,49.7,49.7,49.3,49.4,0.1,65338.0,3223513.0,18.43,2.1,4.25,23
2026-05-03,TWSE,9927,泰銘,69.1,69.1,68.2,68.3,-0.8,125474.0,8599474.0,12.56,1.46,7.32,20
2026-05-03,TWSE,9928,中視,17.55,17.75,17.5,17.55,0.05,34202.0,600551.0,,0.58,,20
2026-05-03,TWSE,9929,秋雨,11.6,11.6,11.0,11.2,-0.25,11818.0,132360.0,,1.45,,20
2026-05-03,TWSE,9930,中聯資源,69.7,69.9,69.6,69.8,0.2,45367.0,3163877.0,14.07,2.63,5.73,35
2026-05-03,TWSE,9931,欣高,35.45,35.45,34.65,34.85,-0.2,96038.0,3345044.0,14.22,1.27,5.16,23
2026-05-03,TWSE,9933,中鼎,37.0,37.0,36.4,36.75,-0.25,3091570.0,113270572.0,19.44,1.62,2.72,20
2026-05-03,TWSE,9934,成霖,9.35,9.35,9.27,9.27,-0.08,562156.0,5231159.0,,0.63,1.08,38
2026-05-03,TWSE,9935,慶豐富,18.5,18.5,18.2,18.25,-0.15,176331.0,3222552.0,11.06,1.21,6.58,38
2026-05-03,TWSE,9937,全國,56.8,56.8,56.1,56.4,-0.2,45409.0,2558123.0,23.9,2.99,3.9,23
2026-05-03,TWSE,9938,百和,44.2,44.4,43.5,44.15,0.15,1815321.0,79934249.0,10.77,0.99,6.8,20
2026-05-03,TWSE,9939,宏全,112.5,113.0,111.5,111.5,-1.0,1142368.0,127835092.0,12.25,1.64,5.56,20
2026-05-03,TWSE,9940,信義,19.9,20.15,19.85,20.0,0.1,541808.0,10831972.0,71.43,1.14,3.0,20
2026-05-03,TWSE,9941,裕融,78.9,78.9,77.1,77.1,-1.7,1917957.0,149069418.0,11.19,1.29,5.94,20
2026-05-03,TWSE,9941A,裕融甲特,50.7,50.7,50.7,50.7,0.0,7000.0,354900.0,,,,
2026-05-03,TWSE,9942,茂順,117.0,118.0,116.5,116.5,0.0,51861.0,6057225.0,14.28,2.26,6.01,20
2026-05-03,TWSE,9943,好樂迪,55.7,55.9,55.2,55.4,-0.4,93646.0,5200026.0,15.18,1.76,6.32,16
2026-05-03,TWSE,9944,新麗,16.3,16.4,16.2,16.4,0.1,44505.0,725374.0,,0.51,1.83,20
2026-05-03,TWSE,9945,潤泰新,23.8,23.95,23.6,23.6,-0.3,5376562.0,127559043.0,6.24,0.66,4.66,20
2026-05-03,TWSE,9946,三發地產,16.1,16.15,15.85,15.9,-0.2,480438.0,7694918.0,10.46,0.77,8.62,14
2026-05-03,TWSE,9955,佳龍,29.2,29.25,28.75,28.9,-0.2,217671.0,6308414.0,53.52,2.44,,35
2026-05-03,TWSE,9958,世紀鋼,102.5,104.0,101.0,101.0,-2.0,1220032.0,124685632.0,15.12,2.24,4.46,10
